ubigeo_reniec,department_code,department,province_code,province,district
010101,01,AMAZONAS,0101,CHACHAPOYAS,CHACHAPOYAS
010102,01,AMAZONAS,0101,CHACHAPOYAS,ASUNCION
010103,01,AMAZONAS,0101,CHACHAPOYAS,BALSAS
010104,01,AMAZONAS,0101,CHACHAPOYAS,CHETO
010105,01,AMAZONAS,0101,CHACHAPOYAS,CHILIQUIN
010106,01,AMAZONAS,0101,CHACHAPOYAS,CHUQUIBAMBA
010107,01,AMAZONAS,0101,CHACHAPOYAS,GRANADA
010108,01,AMAZONAS,0101,CHACHAPOYAS,HUANCAS
010109,01,AMAZONAS,0101,CHACHAPOYAS,LA JALCA
010110,01,AMAZONAS,0101,CHACHAPOYAS,LEIMEBAMBA
010111,01,AMAZONAS,0101,CHACHAPOYAS,LEVANTO
010112,01,AMAZONAS,0101,CHACHAPOYAS,MAGDALENA
010113,01,AMAZONAS,0101,CHACHAPOYAS,MARISCAL CASTILLA
010114,01,AMAZONAS,0101,CHACHAPOYAS,MOLINOPAMPA
010115,01,AMAZONAS,0101,CHACHAPOYAS,MONTEVIDEO
010116,01,AMAZONAS,0101,CHACHAPOYAS,OLLEROS
010117,01,AMAZONAS,0101,CHACHAPOYAS,QUINJALCA
010118,01,AMAZONAS,0101,CHACHAPOYAS,SAN FRANCISCO DE DAGUAS
010119,01,AMAZONAS,0101,CHACHAPOYAS,SAN ISIDRO DE MAINO
010120,01,AMAZONAS,0101,CHACHAPOYAS,SOLOCO
010121,01,AMAZONAS,0101,CHACHAPOYAS,SONCHE
010201,01,AMAZONAS,0102,BAGUA,LA PECA
010202,01,AMAZONAS,0102,BAGUA,ARAMANGO
010203,01,AMAZONAS,0102,BAGUA,COPALLIN
010204,01,AMAZONAS,0102,BAGUA,EL PARCO
010205,01,AMAZONAS,0102,BAGUA,BAGUA
010206,01,AMAZONAS,0102,BAGUA,IMAZA
010301,01,AMAZONAS,0103,BONGARA,JUMBILLA
010302,01,AMAZONAS,0103,BONGARA,COROSHA
010303,01,AMAZONAS,0103,BONGARA,CUISPES
010304,01,AMAZONAS,0103,BONGARA,CHISQUILLA
010305,01,AMAZONAS,0103,BONGARA,CHURUJA
010306,01,AMAZONAS,0103,BONGARA,FLORIDA
010307,01,AMAZONAS,0103,BONGARA,RECTA
010308,01,AMAZONAS,0103,BONGARA,SAN CARLOS
010309,01,AMAZONAS,0103,BONGARA,SHIPASBAMBA
010310,01,AMAZONAS,0103,BONGARA,VALERA
010311,01,AMAZONAS,0103,BONGARA,YAMBRASBAMBA
010312,01,AMAZONAS,0103,BONGARA,JAZAN
010401,01,AMAZONAS,0104,LUYA,LAMUD
010402,01,AMAZONAS,0104,LUYA,CAMPORREDONDO
010403,01,AMAZONAS,0104,LUYA,COCABAMBA
010404,01,AMAZONAS,0104,LUYA,COLCAMAR
010405,01,AMAZONAS,0104,LUYA,CONILA
010406,01,AMAZONAS,0104,LUYA,INGUILPATA
010407,01,AMAZONAS,0104,LUYA,LONGUITA
010408,01,AMAZONAS,0104,LUYA,LONYA CHICO
010409,01,AMAZONAS,0104,LUYA,LUYA
010410,01,AMAZONAS,0104,LUYA,LUYA VIEJO
010411,01,AMAZONAS,0104,LUYA,MARIA
010412,01,AMAZONAS,0104,LUYA,OCALLI
010413,01,AMAZONAS,0104,LUYA,OCUMAL
010414,01,AMAZONAS,0104,LUYA,PISUQUIA
010415,01,AMAZONAS,0104,LUYA,SAN CRISTOBAL
010416,01,AMAZONAS,0104,LUYA,SAN FRANCISCO DE YESO
010417,01,AMAZONAS,0104,LUYA,SAN JERONIMO
010418,01,AMAZONAS,0104,LUYA,SAN JUAN DE LOPECANCHA
010419,01,AMAZONAS,0104,LUYA,SANTA CATALINA
010420,01,AMAZONAS,0104,LUYA,SANTO TOMAS
010421,01,AMAZONAS,0104,LUYA,TINGO
010422,01,AMAZONAS,0104,LUYA,TRITA
010423,01,AMAZONAS,0104,LUYA,PROVIDENCIA
010501,01,AMAZONAS,0105,RODRIGUEZ DE MENDOZA,SAN NICOLAS
010502,01,AMAZONAS,0105,RODRIGUEZ DE MENDOZA,COCHAMAL
010503,01,AMAZONAS,0105,RODRIGUEZ DE MENDOZA,CHIRIMOTO
010504,01,AMAZONAS,0105,RODRIGUEZ DE MENDOZA,HUAMBO
010505,01,AMAZONAS,0105,RODRIGUEZ DE MENDOZA,LIMABAMBA
010506,01,AMAZONAS,0105,RODRIGUEZ DE MENDOZA,LONGAR
010507,01,AMAZONAS,0105,RODRIGUEZ DE MENDOZA,MILPUCC
010508,01,AMAZONAS,0105,RODRIGUEZ DE MENDOZA,MARISCAL BENAVIDES
010509,01,AMAZONAS,0105,RODRIGUEZ DE MENDOZA,OMIA
010510,01,AMAZONAS,0105,RODRIGUEZ DE MENDOZA,SANTA ROSA
010511,01,AMAZONAS,0105,RODRIGUEZ DE MENDOZA,TOTORA
010512,01,AMAZONAS,0105,RODRIGUEZ DE MENDOZA,VISTA ALEGRE
010601,01,AMAZONAS,0106,CONDORCANQUI,NIEVA
010602,01,AMAZONAS,0106,CONDORCANQUI,RIO SANTIAGO
010603,01,AMAZONAS,0106,CONDORCANQUI,EL CENEPA
010701,01,AMAZONAS,0107,UTCUBAMBA,BAGUA GRANDE
010702,01,AMAZONAS,0107,UTCUBAMBA,CAJARURO
010703,01,AMAZONAS,0107,UTCUBAMBA,CUMBA
010704,01,AMAZONAS,0107,UTCUBAMBA,EL MILAGRO
010705,01,AMAZONAS,0107,UTCUBAMBA,JAMALCA
010706,01,AMAZONAS,0107,UTCUBAMBA,LONYA GRANDE
010707,01,AMAZONAS,0107,UTCUBAMBA,YAMON
020101,02,ANCASH,0201,HUARAZ,HUARAZ
020102,02,ANCASH,0201,HUARAZ,INDEPENDENCIA
020103,02,ANCASH,0201,HUARAZ,COCHABAMBA
020104,02,ANCASH,0201,HUARAZ,COLCABAMBA
020105,02,ANCASH,0201,HUARAZ,HUANCHAY
020106,02,ANCASH,0201,HUARAZ,JANGAS
020107,02,ANCASH,0201,HUARAZ,LA LIBERTAD
020108,02,ANCASH,0201,HUARAZ,OLLEROS
020109,02,ANCASH,0201,HUARAZ,PAMPAS GRANDE
020110,02,ANCASH,0201,HUARAZ,PARIACOTO
020111,02,ANCASH,0201,HUARAZ,PIRA
020112,02,ANCASH,0201,HUARAZ,TARICA
020201,02,ANCASH,0202,AIJA,AIJA
020203,02,ANCASH,0202,AIJA,CORIS
020205,02,ANCASH,0202,AIJA,HUACLLAN
020206,02,ANCASH,0202,AIJA,LA MERCED
020208,02,ANCASH,0202,AIJA,SUCCHA
020301,02,ANCASH,0203,BOLOGNESI,CHIQUIAN
020302,02,ANCASH,0203,BOLOGNESI,ABELARDO PARDO LEZAMETA
020304,02,ANCASH,0203,BOLOGNESI,AQUIA
020305,02,ANCASH,0203,BOLOGNESI,CAJACAY
020310,02,ANCASH,0203,BOLOGNESI,HUAYLLACAYAN
020311,02,ANCASH,0203,BOLOGNESI,HUASTA
020313,02,ANCASH,0203,BOLOGNESI,MANGAS
020315,02,ANCASH,0203,BOLOGNESI,PACLLON
020317,02,ANCASH,0203,BOLOGNESI,SAN MIGUEL DE CORPANQUI
020320,02,ANCASH,0203,BOLOGNESI,TICLLOS
020321,02,ANCASH,0203,BOLOGNESI,ANTONIO RAIMONDI
020322,02,ANCASH,0203,BOLOGNESI,CANIS
020323,02,ANCASH,0203,BOLOGNESI,COLQUIOC
020324,02,ANCASH,0203,BOLOGNESI,LA PRIMAVERA
020325,02,ANCASH,0203,BOLOGNESI,HUALLANCA
020401,02,ANCASH,0204,CARHUAZ,CARHUAZ
020402,02,ANCASH,0204,CARHUAZ,ACOPAMPA
020403,02,ANCASH,0204,CARHUAZ,AMASHCA
020404,02,ANCASH,0204,CARHUAZ,ANTA
020405,02,ANCASH,0204,CARHUAZ,ATAQUERO
020406,02,ANCASH,0204,CARHUAZ,MARCARA
020407,02,ANCASH,0204,CARHUAZ,PARIAHUANCA
020408,02,ANCASH,0204,CARHUAZ,SAN MIGUEL DE ACO
020409,02,ANCASH,0204,CARHUAZ,SHILLA
020410,02,ANCASH,0204,CARHUAZ,TINCO
020411,02,ANCASH,0204,CARHUAZ,YUNGAR
020501,02,ANCASH,0205,CASMA,CASMA
020502,02,ANCASH,0205,CASMA,BUENA VISTA ALTA
020503,02,ANCASH,0205,CASMA,COMANDANTE NOEL
020505,02,ANCASH,0205,CASMA,YAUTAN
020601,02,ANCASH,0206,CORONGO,CORONGO
020602,02,ANCASH,0206,CORONGO,ACO
020603,02,ANCASH,0206,CORONGO,BAMBAS
020604,02,ANCASH,0206,CORONGO,CUSCA
020605,02,ANCASH,0206,CORONGO,LA PAMPA
020606,02,ANCASH,0206,CORONGO,YANAC
020607,02,ANCASH,0206,CORONGO,YUPAN
020701,02,ANCASH,0207,HUAYLAS,CARAZ
020702,02,ANCASH,0207,HUAYLAS,HUALLANCA
020703,02,ANCASH,0207,HUAYLAS,HUATA
020704,02,ANCASH,0207,HUAYLAS,HUAYLAS
020705,02,ANCASH,0207,HUAYLAS,MATO
020706,02,ANCASH,0207,HUAYLAS,PAMPAROMAS
020707,02,ANCASH,0207,HUAYLAS,PUEBLO LIBRE
020708,02,ANCASH,0207,HUAYLAS,SANTA CRUZ
020709,02,ANCASH,0207,HUAYLAS,YURACMARCA
020710,02,ANCASH,0207,HUAYLAS,SANTO TORIBIO
020801,02,ANCASH,0208,HUARI,HUARI
020802,02,ANCASH,0208,HUARI,CAJAY
020803,02,ANCASH,0208,HUARI,CHAVIN DE HUANTAR
020804,02,ANCASH,0208,HUARI,HUACACHI
020805,02,ANCASH,0208,HUARI,HUACHIS
020806,02,ANCASH,0208,HUARI,HUACCHIS
020807,02,ANCASH,0208,HUARI,HUANTAR
020808,02,ANCASH,0208,HUARI,MASIN
020809,02,ANCASH,0208,HUARI,PAUCAS
020810,02,ANCASH,0208,HUARI,PONTO
020811,02,ANCASH,0208,HUARI,RAHUAPAMPA
020812,02,ANCASH,0208,HUARI,RAPAYAN
020813,02,ANCASH,0208,HUARI,SAN MARCOS
020814,02,ANCASH,0208,HUARI,SAN PEDRO DE CHANA
020815,02,ANCASH,0208,HUARI,UCO
020816,02,ANCASH,0208,HUARI,ANRA
020901,02,ANCASH,0209,MARISCAL LUZURIAGA,PISCOBAMBA
020902,02,ANCASH,0209,MARISCAL LUZURIAGA,CASCA
020903,02,ANCASH,0209,MARISCAL LUZURIAGA,LUCMA
020904,02,ANCASH,0209,MARISCAL LUZURIAGA,FIDEL OLIVAS ESCUDERO
020905,02,ANCASH,0209,MARISCAL LUZURIAGA,LLAMA
020906,02,ANCASH,0209,MARISCAL LUZURIAGA,LLUMPA
020907,02,ANCASH,0209,MARISCAL LUZURIAGA,MUSGA
020908,02,ANCASH,0209,MARISCAL LUZURIAGA,ELEAZAR GUZMAN BARRON
021001,02,ANCASH,0210,PALLASCA,CABANA
021002,02,ANCASH,0210,PALLASCA,BOLOGNESI
021003,02,ANCASH,0210,PALLASCA,CONCHUCOS
021004,02,ANCASH,0210,PALLASCA,HUACASCHUQUE
021005,02,ANCASH,0210,PALLASCA,HUANDOVAL
021006,02,ANCASH,0210,PALLASCA,LACABAMBA
021007,02,ANCASH,0210,PALLASCA,LLAPO
021008,02,ANCASH,0210,PALLASCA,PALLASCA
021009,02,ANCASH,0210,PALLASCA,PAMPAS
021010,02,ANCASH,0210,PALLASCA,SANTA ROSA
021011,02,ANCASH,0210,PALLASCA,TAUCA
021101,02,ANCASH,0211,POMABAMBA,POMABAMBA
021102,02,ANCASH,0211,POMABAMBA,HUAYLLAN
021103,02,ANCASH,0211,POMABAMBA,PAROBAMBA
021104,02,ANCASH,0211,POMABAMBA,QUINUABAMBA
021201,02,ANCASH,0212,RECUAY,RECUAY
021202,02,ANCASH,0212,RECUAY,COTAPARACO
021203,02,ANCASH,0212,RECUAY,HUAYLLAPAMPA
021204,02,ANCASH,0212,RECUAY,MARCA
021205,02,ANCASH,0212,RECUAY,PAMPAS CHICO
021206,02,ANCASH,0212,RECUAY,PARARIN
021207,02,ANCASH,0212,RECUAY,TAPACOCHA
021208,02,ANCASH,0212,RECUAY,TICAPAMPA
021209,02,ANCASH,0212,RECUAY,LLACLLIN
021210,02,ANCASH,0212,RECUAY,CATAC
021301,02,ANCASH,0213,SANTA,CHIMBOTE
021302,02,ANCASH,0213,SANTA,CACERES DEL PERU
021303,02,ANCASH,0213,SANTA,MACATE
021304,02,ANCASH,0213,SANTA,MORO
021305,02,ANCASH,0213,SANTA,NEPEÑA
021306,02,ANCASH,0213,SANTA,SAMANCO
021307,02,ANCASH,0213,SANTA,SANTA
021308,02,ANCASH,0213,SANTA,COISHCO
021309,02,ANCASH,0213,SANTA,NUEVO CHIMBOTE
021401,02,ANCASH,0214,SIHUAS,SIHUAS
021402,02,ANCASH,0214,SIHUAS,ALFONSO UGARTE
021403,02,ANCASH,0214,SIHUAS,CHINGALPO
021404,02,ANCASH,0214,SIHUAS,HUAYLLABAMBA
021405,02,ANCASH,0214,SIHUAS,QUICHES
021406,02,ANCASH,0214,SIHUAS,SICSIBAMBA
021407,02,ANCASH,0214,SIHUAS,ACOBAMBA
021408,02,ANCASH,0214,SIHUAS,CASHAPAMPA
021409,02,ANCASH,0214,SIHUAS,RAGASH
021410,02,ANCASH,0214,SIHUAS,SAN JUAN
021501,02,ANCASH,0215,YUNGAY,YUNGAY
021502,02,ANCASH,0215,YUNGAY,CASCAPARA
021503,02,ANCASH,0215,YUNGAY,MANCOS
021504,02,ANCASH,0215,YUNGAY,MATACOTO
021505,02,ANCASH,0215,YUNGAY,QUILLO
021506,02,ANCASH,0215,YUNGAY,RANRAHIRCA
021507,02,ANCASH,0215,YUNGAY,SHUPLUY
021508,02,ANCASH,0215,YUNGAY,YANAMA
021601,02,ANCASH,0216,ANTONIO RAIMONDI,LLAMELLIN
021602,02,ANCASH,0216,ANTONIO RAIMONDI,ACZO
021603,02,ANCASH,0216,ANTONIO RAIMONDI,CHACCHO
021604,02,ANCASH,0216,ANTONIO RAIMONDI,CHINGAS
021605,02,ANCASH,0216,ANTONIO RAIMONDI,MIRGAS
021606,02,ANCASH,0216,ANTONIO RAIMONDI,SAN JUAN DE RONTOY
021701,02,ANCASH,0217,CARLOS FERMIN FITZCARRALD,SAN LUIS
021702,02,ANCASH,0217,CARLOS FERMIN FITZCARRALD,YAUYA
021703,02,ANCASH,0217,CARLOS FERMIN FITZCARRALD,SAN NICOLAS
021801,02,ANCASH,0218,ASUNCION,CHACAS
021802,02,ANCASH,0218,ASUNCION,ACOCHACA
021901,02,ANCASH,0219,HUARMEY,HUARMEY
021902,02,ANCASH,0219,HUARMEY,COCHAPETI
021903,02,ANCASH,0219,HUARMEY,HUAYAN
021904,02,ANCASH,0219,HUARMEY,MALVAS
021905,02,ANCASH,0219,HUARMEY,CULEBRAS
022001,02,ANCASH,0220,OCROS,ACAS
022002,02,ANCASH,0220,OCROS,CAJAMARQUILLA
022003,02,ANCASH,0220,OCROS,CARHUAPAMPA
022004,02,ANCASH,0220,OCROS,COCHAS
022005,02,ANCASH,0220,OCROS,CONGAS
022006,02,ANCASH,0220,OCROS,LLIPA
022007,02,ANCASH,0220,OCROS,OCROS
022008,02,ANCASH,0220,OCROS,SAN CRISTOBAL DE RAJAN
022009,02,ANCASH,0220,OCROS,SAN PEDRO
022010,02,ANCASH,0220,OCROS,SANTIAGO DE CHILCAS
030101,03,APURIMAC,0301,ABANCAY,ABANCAY
030102,03,APURIMAC,0301,ABANCAY,CIRCA
030103,03,APURIMAC,0301,ABANCAY,CURAHUASI
030104,03,APURIMAC,0301,ABANCAY,CHACOCHE
030105,03,APURIMAC,0301,ABANCAY,HUANIPACA
030106,03,APURIMAC,0301,ABANCAY,LAMBRAMA
030107,03,APURIMAC,0301,ABANCAY,PICHIRHUA
030108,03,APURIMAC,0301,ABANCAY,SAN PEDRO DE CACHORA
030109,03,APURIMAC,0301,ABANCAY,TAMBURCO
030201,03,APURIMAC,0302,AYMARAES,CHALHUANCA
030202,03,APURIMAC,0302,AYMARAES,CAPAYA
030203,03,APURIMAC,0302,AYMARAES,CARAYBAMBA
030204,03,APURIMAC,0302,AYMARAES,COLCABAMBA
030205,03,APURIMAC,0302,AYMARAES,COTARUSE
030206,03,APURIMAC,0302,AYMARAES,CHAPIMARCA
030207,03,APURIMAC,0302,AYMARAES,HUAYLLO
030208,03,APURIMAC,0302,AYMARAES,LUCRE
030209,03,APURIMAC,0302,AYMARAES,POCOHUANCA
030210,03,APURIMAC,0302,AYMARAES,SAÑAYCA
030211,03,APURIMAC,0302,AYMARAES,SORAYA
030212,03,APURIMAC,0302,AYMARAES,TAPAIRIHUA
030213,03,APURIMAC,0302,AYMARAES,TINTAY
030214,03,APURIMAC,0302,AYMARAES,TORAYA
030215,03,APURIMAC,0302,AYMARAES,YANACA
030216,03,APURIMAC,0302,AYMARAES,SAN JUAN DE CHACÑA
030217,03,APURIMAC,0302,AYMARAES,JUSTO APU SAHUARAURA
030301,03,APURIMAC,0303,ANDAHUAYLAS,ANDAHUAYLAS
030302,03,APURIMAC,0303,ANDAHUAYLAS,ANDARAPA
030303,03,APURIMAC,0303,ANDAHUAYLAS,CHIARA
030304,03,APURIMAC,0303,ANDAHUAYLAS,HUANCARAMA
030305,03,APURIMAC,0303,ANDAHUAYLAS,HUANCARAY
030306,03,APURIMAC,0303,ANDAHUAYLAS,KISHUARA
030307,03,APURIMAC,0303,ANDAHUAYLAS,PACOBAMBA
030308,03,APURIMAC,0303,ANDAHUAYLAS,PAMPACHIRI
030309,03,APURIMAC,0303,ANDAHUAYLAS,SAN ANTONIO DE CACHI
030310,03,APURIMAC,0303,ANDAHUAYLAS,SAN JERONIMO
030311,03,APURIMAC,0303,ANDAHUAYLAS,TALAVERA
030312,03,APURIMAC,0303,ANDAHUAYLAS,TURPO
030313,03,APURIMAC,0303,ANDAHUAYLAS,PACUCHA
030314,03,APURIMAC,0303,ANDAHUAYLAS,POMACOCHA
030315,03,APURIMAC,0303,ANDAHUAYLAS,SANTA MARIA DE CHICMO
030316,03,APURIMAC,0303,ANDAHUAYLAS,TUMAY HUARACA
030317,03,APURIMAC,0303,ANDAHUAYLAS,HUAYANA
030318,03,APURIMAC,0303,ANDAHUAYLAS,SAN MIGUEL DE CHACCRAMPA
030319,03,APURIMAC,0303,ANDAHUAYLAS,KAQUIABAMBA
030320,03,APURIMAC,0303,ANDAHUAYLAS,JOSE MARIA ARGUEDAS
030401,03,APURIMAC,0304,ANTABAMBA,ANTABAMBA
030402,03,APURIMAC,0304,ANTABAMBA,EL ORO
030403,03,APURIMAC,0304,ANTABAMBA,HUAQUIRCA
030404,03,APURIMAC,0304,ANTABAMBA,JUAN ESPINOZA MEDRANO
030405,03,APURIMAC,0304,ANTABAMBA,OROPESA
030406,03,APURIMAC,0304,ANTABAMBA,PACHACONAS
030407,03,APURIMAC,0304,ANTABAMBA,SABAINO
030501,03,APURIMAC,0305,COTABAMBAS,TAMBOBAMBA
030502,03,APURIMAC,0305,COTABAMBAS,COYLLURQUI
030503,03,APURIMAC,0305,COTABAMBAS,COTABAMBAS
030504,03,APURIMAC,0305,COTABAMBAS,HAQUIRA
030505,03,APURIMAC,0305,COTABAMBAS,MARA
030506,03,APURIMAC,0305,COTABAMBAS,CHALLHUAHUACHO
030601,03,APURIMAC,0306,GRAU,CHUQUIBAMBILLA
030602,03,APURIMAC,0306,GRAU,CURPAHUASI
030603,03,APURIMAC,0306,GRAU,HUAILLATI
030604,03,APURIMAC,0306,GRAU,MAMARA
030605,03,APURIMAC,0306,GRAU,MARISCAL GAMARRA
030606,03,APURIMAC,0306,GRAU,MICAELA BASTIDAS
030607,03,APURIMAC,0306,GRAU,PROGRESO
030608,03,APURIMAC,0306,GRAU,PATAYPAMPA
030609,03,APURIMAC,0306,GRAU,SAN ANTONIO
030610,03,APURIMAC,0306,GRAU,TURPAY
030611,03,APURIMAC,0306,GRAU,VILCABAMBA
030612,03,APURIMAC,0306,GRAU,VIRUNDO
030613,03,APURIMAC,0306,GRAU,SANTA ROSA
030614,03,APURIMAC,0306,GRAU,CURASCO
030701,03,APURIMAC,0307,CHINCHEROS,CHINCHEROS
030702,03,APURIMAC,0307,CHINCHEROS,ONGOY
030703,03,APURIMAC,0307,CHINCHEROS,OCOBAMBA
030704,03,APURIMAC,0307,CHINCHEROS,COCHARCAS
030705,03,APURIMAC,0307,CHINCHEROS,ANCO HUALLO
030706,03,APURIMAC,0307,CHINCHEROS,HUACCANA
030707,03,APURIMAC,0307,CHINCHEROS,URANMARCA
030708,03,APURIMAC,0307,CHINCHEROS,RANRACANCHA
030709,03,APURIMAC,0307,CHINCHEROS,ROCCHACC
030710,03,APURIMAC,0307,CHINCHEROS,EL PORVENIR
030711,03,APURIMAC,0307,CHINCHEROS,LOS CHANKAS
030712,03,APURIMAC,0307,CHINCHEROS,AHUAYRO
040101,04,AREQUIPA,0401,AREQUIPA,AREQUIPA
040102,04,AREQUIPA,0401,AREQUIPA,CAYMA
040103,04,AREQUIPA,0401,AREQUIPA,CERRO COLORADO
040104,04,AREQUIPA,0401,AREQUIPA,CHARACATO
040105,04,AREQUIPA,0401,AREQUIPA,CHIGUATA
040106,04,AREQUIPA,0401,AREQUIPA,LA JOYA
040107,04,AREQUIPA,0401,AREQUIPA,MIRAFLORES
040108,04,AREQUIPA,0401,AREQUIPA,MOLLEBAYA
040109,04,AREQUIPA,0401,AREQUIPA,PAUCARPATA
040110,04,AREQUIPA,0401,AREQUIPA,POCSI
040111,04,AREQUIPA,0401,AREQUIPA,POLOBAYA
040112,04,AREQUIPA,0401,AREQUIPA,QUEQUEÑA
040113,04,AREQUIPA,0401,AREQUIPA,SABANDIA
040114,04,AREQUIPA,0401,AREQUIPA,SACHACA
040115,04,AREQUIPA,0401,AREQUIPA,SAN JUAN DE SIGUAS
040116,04,AREQUIPA,0401,AREQUIPA,SAN JUAN DE TARUCANI
040117,04,AREQUIPA,0401,AREQUIPA,SANTA ISABEL DE SIGUAS
040118,04,AREQUIPA,0401,AREQUIPA,SANTA RITA DE SIHUAS
040119,04,AREQUIPA,0401,AREQUIPA,SOCABAYA
040120,04,AREQUIPA,0401,AREQUIPA,TIABAYA
040121,04,AREQUIPA,0401,AREQUIPA,UCHUMAYO
040122,04,AREQUIPA,0401,AREQUIPA,VITOR
040123,04,AREQUIPA,0401,AREQUIPA,YANAHUARA
040124,04,AREQUIPA,0401,AREQUIPA,YARABAMBA
040125,04,AREQUIPA,0401,AREQUIPA,YURA
040126,04,AREQUIPA,0401,AREQUIPA,MARIANO MELGAR
040127,04,AREQUIPA,0401,AREQUIPA,JACOBO HUNTER
040128,04,AREQUIPA,0401,AREQUIPA,ALTO SELVA ALEGRE
040129,04,AREQUIPA,0401,AREQUIPA,JOSE LUIS BUSTAMANTE Y RIVERO
040201,04,AREQUIPA,0402,CAYLLOMA,CHIVAY
040202,04,AREQUIPA,0402,CAYLLOMA,ACHOMA
040203,04,AREQUIPA,0402,CAYLLOMA,CABANACONDE
040204,04,AREQUIPA,0402,CAYLLOMA,CAYLLOMA
040205,04,AREQUIPA,0402,CAYLLOMA,CALLALLI
040206,04,AREQUIPA,0402,CAYLLOMA,COPORAQUE
040207,04,AREQUIPA,0402,CAYLLOMA,HUAMBO
040208,04,AREQUIPA,0402,CAYLLOMA,HUANCA
040209,04,AREQUIPA,0402,CAYLLOMA,ICHUPAMPA
040210,04,AREQUIPA,0402,CAYLLOMA,LARI
040211,04,AREQUIPA,0402,CAYLLOMA,LLUTA
040212,04,AREQUIPA,0402,CAYLLOMA,MACA
040213,04,AREQUIPA,0402,CAYLLOMA,MADRIGAL
040214,04,AREQUIPA,0402,CAYLLOMA,SAN ANTONIO DE CHUCA
040215,04,AREQUIPA,0402,CAYLLOMA,SIBAYO
040216,04,AREQUIPA,0402,CAYLLOMA,TAPAY
040217,04,AREQUIPA,0402,CAYLLOMA,TISCO
040218,04,AREQUIPA,0402,CAYLLOMA,TUTI
040219,04,AREQUIPA,0402,CAYLLOMA,YANQUE
040220,04,AREQUIPA,0402,CAYLLOMA,MAJES
040301,04,AREQUIPA,0403,CAMANA,CAMANA
040302,04,AREQUIPA,0403,CAMANA,JOSE MARIA QUIMPER
040303,04,AREQUIPA,0403,CAMANA,MARIANO NICOLAS VALCARCEL
040304,04,AREQUIPA,0403,CAMANA,MARISCAL CACERES
040305,04,AREQUIPA,0403,CAMANA,NICOLAS DE PIEROLA
040306,04,AREQUIPA,0403,CAMANA,OCOÑA
040307,04,AREQUIPA,0403,CAMANA,QUILCA
040308,04,AREQUIPA,0403,CAMANA,SAMUEL PASTOR
040401,04,AREQUIPA,0404,CARAVELI,CARAVELI
040402,04,AREQUIPA,0404,CARAVELI,ACARI
040403,04,AREQUIPA,0404,CARAVELI,ATICO
040404,04,AREQUIPA,0404,CARAVELI,ATIQUIPA
040405,04,AREQUIPA,0404,CARAVELI,BELLA UNION
040406,04,AREQUIPA,0404,CARAVELI,CAHUACHO
040407,04,AREQUIPA,0404,CARAVELI,CHALA
040408,04,AREQUIPA,0404,CARAVELI,CHAPARRA
040409,04,AREQUIPA,0404,CARAVELI,HUANUHUANU
040410,04,AREQUIPA,0404,CARAVELI,JAQUI
040411,04,AREQUIPA,0404,CARAVELI,LOMAS
040412,04,AREQUIPA,0404,CARAVELI,QUICACHA
040413,04,AREQUIPA,0404,CARAVELI,YAUCA
040501,04,AREQUIPA,0405,CASTILLA,APLAO
040502,04,AREQUIPA,0405,CASTILLA,ANDAGUA
040503,04,AREQUIPA,0405,CASTILLA,AYO
040504,04,AREQUIPA,0405,CASTILLA,CHACHAS
040505,04,AREQUIPA,0405,CASTILLA,CHILCAYMARCA
040506,04,AREQUIPA,0405,CASTILLA,CHOCO
040507,04,AREQUIPA,0405,CASTILLA,HUANCARQUI
040508,04,AREQUIPA,0405,CASTILLA,MACHAGUAY
040509,04,AREQUIPA,0405,CASTILLA,ORCOPAMPA
040510,04,AREQUIPA,0405,CASTILLA,PAMPACOLCA
040511,04,AREQUIPA,0405,CASTILLA,TIPAN
040512,04,AREQUIPA,0405,CASTILLA,URACA
040513,04,AREQUIPA,0405,CASTILLA,UÑON
040514,04,AREQUIPA,0405,CASTILLA,VIRACO
040601,04,AREQUIPA,0406,CONDESUYOS,CHUQUIBAMBA
040602,04,AREQUIPA,0406,CONDESUYOS,ANDARAY
040603,04,AREQUIPA,0406,CONDESUYOS,CAYARANI
040604,04,AREQUIPA,0406,CONDESUYOS,CHICHAS
040605,04,AREQUIPA,0406,CONDESUYOS,IRAY
040606,04,AREQUIPA,0406,CONDESUYOS,SALAMANCA
040607,04,AREQUIPA,0406,CONDESUYOS,YANAQUIHUA
040608,04,AREQUIPA,0406,CONDESUYOS,RIO GRANDE
040701,04,AREQUIPA,0407,ISLAY,MOLLENDO
040702,04,AREQUIPA,0407,ISLAY,COCACHACRA
040703,04,AREQUIPA,0407,ISLAY,DEAN VALDIVIA
040704,04,AREQUIPA,0407,ISLAY,ISLAY
040705,04,AREQUIPA,0407,ISLAY,MEJIA
040706,04,AREQUIPA,0407,ISLAY,PUNTA DE BOMBON
040801,04,AREQUIPA,0408,LA UNION,COTAHUASI
040802,04,AREQUIPA,0408,LA UNION,ALCA
040803,04,AREQUIPA,0408,LA UNION,CHARCANA
040804,04,AREQUIPA,0408,LA UNION,HUAYNACOTAS
040805,04,AREQUIPA,0408,LA UNION,PAMPAMARCA
040806,04,AREQUIPA,0408,LA UNION,PUYCA
040807,04,AREQUIPA,0408,LA UNION,QUECHUALLA
040808,04,AREQUIPA,0408,LA UNION,SAYLA
040809,04,AREQUIPA,0408,LA UNION,TAURIA
040810,04,AREQUIPA,0408,LA UNION,TOMEPAMPA
040811,04,AREQUIPA,0408,LA UNION,TORO
050101,05,AYACUCHO,0501,HUAMANGA,AYACUCHO
050102,05,AYACUCHO,0501,HUAMANGA,ACOS VINCHOS
050103,05,AYACUCHO,0501,HUAMANGA,CARMEN ALTO
050104,05,AYACUCHO,0501,HUAMANGA,CHIARA
050105,05,AYACUCHO,0501,HUAMANGA,QUINUA
050106,05,AYACUCHO,0501,HUAMANGA,SAN JOSE DE TICLLAS
050107,05,AYACUCHO,0501,HUAMANGA,SAN JUAN BAUTISTA
050108,05,AYACUCHO,0501,HUAMANGA,SANTIAGO DE PISCHA
050109,05,AYACUCHO,0501,HUAMANGA,VINCHOS
050110,05,AYACUCHO,0501,HUAMANGA,TAMBILLO
050111,05,AYACUCHO,0501,HUAMANGA,ACOCRO
050112,05,AYACUCHO,0501,HUAMANGA,SOCOS
050113,05,AYACUCHO,0501,HUAMANGA,OCROS
050114,05,AYACUCHO,0501,HUAMANGA,PACAYCASA
050115,05,AYACUCHO,0501,HUAMANGA,JESUS NAZARENO
050116,05,AYACUCHO,0501,HUAMANGA,ANDRES AVELINO CACERES DORREGARAY
050201,05,AYACUCHO,0502,CANGALLO,CANGALLO
050204,05,AYACUCHO,0502,CANGALLO,CHUSCHI
050206,05,AYACUCHO,0502,CANGALLO,LOS MOROCHUCOS
050207,05,AYACUCHO,0502,CANGALLO,PARAS
050208,05,AYACUCHO,0502,CANGALLO,TOTOS
050211,05,AYACUCHO,0502,CANGALLO,MARIA PARADO DE BELLIDO
050301,05,AYACUCHO,0503,HUANTA,HUANTA
050302,05,AYACUCHO,0503,HUANTA,AYAHUANCO
050303,05,AYACUCHO,0503,HUANTA,HUAMANGUILLA
050304,05,AYACUCHO,0503,HUANTA,IGUAIN
050305,05,AYACUCHO,0503,HUANTA,LURICOCHA
050307,05,AYACUCHO,0503,HUANTA,SANTILLANA
050308,05,AYACUCHO,0503,HUANTA,SIVIA
050309,05,AYACUCHO,0503,HUANTA,LLOCHEGUA
050310,05,AYACUCHO,0503,HUANTA,CANAYRE
050311,05,AYACUCHO,0503,HUANTA,UCHURACCAY
050312,05,AYACUCHO,0503,HUANTA,PUCACOLPA
050313,05,AYACUCHO,0503,HUANTA,CHACA
050314,05,AYACUCHO,0503,HUANTA,PUTIS
050401,05,AYACUCHO,0504,LA MAR,SAN MIGUEL
050402,05,AYACUCHO,0504,LA MAR,ANCO
050403,05,AYACUCHO,0504,LA MAR,AYNA
050404,05,AYACUCHO,0504,LA MAR,CHILCAS
050405,05,AYACUCHO,0504,LA MAR,CHUNGUI
050406,05,AYACUCHO,0504,LA MAR,TAMBO
050407,05,AYACUCHO,0504,LA MAR,LUIS CARRANZA
050408,05,AYACUCHO,0504,LA MAR,SANTA ROSA
050409,05,AYACUCHO,0504,LA MAR,SAMUGARI
050410,05,AYACUCHO,0504,LA MAR,ANCHIHUAY
050411,05,AYACUCHO,0504,LA MAR,ORONCCOY
050412,05,AYACUCHO,0504,LA MAR,UNION PROGRESO
050413,05,AYACUCHO,0504,LA MAR,RIO MAGDALENA
050414,05,AYACUCHO,0504,LA MAR,NINABAMBA
050415,05,AYACUCHO,0504,LA MAR,PATIBAMBA
050501,05,AYACUCHO,0505,LUCANAS,PUQUIO
050502,05,AYACUCHO,0505,LUCANAS,AUCARA
050503,05,AYACUCHO,0505,LUCANAS,CABANA
050504,05,AYACUCHO,0505,LUCANAS,CARMEN SALCEDO
050506,05,AYACUCHO,0505,LUCANAS,CHAVIÑA
050508,05,AYACUCHO,0505,LUCANAS,CHIPAO
050510,05,AYACUCHO,0505,LUCANAS,HUAC-HUAS
050511,05,AYACUCHO,0505,LUCANAS,LARAMATE
050512,05,AYACUCHO,0505,LUCANAS,LEONCIO PRADO
050513,05,AYACUCHO,0505,LUCANAS,LUCANAS
050514,05,AYACUCHO,0505,LUCANAS,LLAUTA
050516,05,AYACUCHO,0505,LUCANAS,OCAÑA
050517,05,AYACUCHO,0505,LUCANAS,OTOCA
050520,05,AYACUCHO,0505,LUCANAS,SANCOS
050521,05,AYACUCHO,0505,LUCANAS,SAN JUAN
050522,05,AYACUCHO,0505,LUCANAS,SAN PEDRO
050524,05,AYACUCHO,0505,LUCANAS,SANTA ANA DE HUAYCAHUACHO
050525,05,AYACUCHO,0505,LUCANAS,SANTA LUCIA
050529,05,AYACUCHO,0505,LUCANAS,SAISA
050531,05,AYACUCHO,0505,LUCANAS,SAN PEDRO DE PALCO
050532,05,AYACUCHO,0505,LUCANAS,SAN CRISTOBAL
050601,05,AYACUCHO,0506,PARINACOCHAS,CORACORA
050604,05,AYACUCHO,0506,PARINACOCHAS,CORONEL CASTAÑEDA
050605,05,AYACUCHO,0506,PARINACOCHAS,CHUMPI
050608,05,AYACUCHO,0506,PARINACOCHAS,PACAPAUSA
050611,05,AYACUCHO,0506,PARINACOCHAS,PULLO
050612,05,AYACUCHO,0506,PARINACOCHAS,PUYUSCA
050615,05,AYACUCHO,0506,PARINACOCHAS,SAN FRANCISCO DE RAVACAYCO
050616,05,AYACUCHO,0506,PARINACOCHAS,UPAHUACHO
050701,05,AYACUCHO,0507,VICTOR FAJARDO,HUANCAPI
050702,05,AYACUCHO,0507,VICTOR FAJARDO,ALCAMENCA
050703,05,AYACUCHO,0507,VICTOR FAJARDO,APONGO
050704,05,AYACUCHO,0507,VICTOR FAJARDO,CANARIA
050706,05,AYACUCHO,0507,VICTOR FAJARDO,CAYARA
050707,05,AYACUCHO,0507,VICTOR FAJARDO,COLCA
050708,05,AYACUCHO,0507,VICTOR FAJARDO,HUALLA
050709,05,AYACUCHO,0507,VICTOR FAJARDO,HUAMANQUIQUIA
050710,05,AYACUCHO,0507,VICTOR FAJARDO,HUANCARAYLLA
050713,05,AYACUCHO,0507,VICTOR FAJARDO,SARHUA
050714,05,AYACUCHO,0507,VICTOR FAJARDO,VILCANCHOS
050715,05,AYACUCHO,0507,VICTOR FAJARDO,ASQUIPATA
050801,05,AYACUCHO,0508,HUANCA SANCOS,SANCOS
050802,05,AYACUCHO,0508,HUANCA SANCOS,SACSAMARCA
050803,05,AYACUCHO,0508,HUANCA SANCOS,SANTIAGO DE LUCANAMARCA
050804,05,AYACUCHO,0508,HUANCA SANCOS,CARAPO
050901,05,AYACUCHO,0509,VILCAS HUAMAN,VILCAS HUAMAN
050902,05,AYACUCHO,0509,VILCAS HUAMAN,VISCHONGO
050903,05,AYACUCHO,0509,VILCAS HUAMAN,ACCOMARCA
050904,05,AYACUCHO,0509,VILCAS HUAMAN,CARHUANCA
050905,05,AYACUCHO,0509,VILCAS HUAMAN,CONCEPCION
050906,05,AYACUCHO,0509,VILCAS HUAMAN,HUAMBALPA
050907,05,AYACUCHO,0509,VILCAS HUAMAN,SAURAMA
050908,05,AYACUCHO,0509,VILCAS HUAMAN,INDEPENDENCIA
051001,05,AYACUCHO,0510,PAUCAR DEL SARA SARA,PAUSA
051002,05,AYACUCHO,0510,PAUCAR DEL SARA SARA,COLTA
051003,05,AYACUCHO,0510,PAUCAR DEL SARA SARA,CORCULLA
051004,05,AYACUCHO,0510,PAUCAR DEL SARA SARA,LAMPA
051005,05,AYACUCHO,0510,PAUCAR DEL SARA SARA,MARCABAMBA
051006,05,AYACUCHO,0510,PAUCAR DEL SARA SARA,OYOLO
051007,05,AYACUCHO,0510,PAUCAR DEL SARA SARA,PARARCA
051008,05,AYACUCHO,0510,PAUCAR DEL SARA SARA,SAN JAVIER DE ALPABAMBA
051009,05,AYACUCHO,0510,PAUCAR DEL SARA SARA,SAN JOSE DE USHUA
051010,05,AYACUCHO,0510,PAUCAR DEL SARA SARA,SARA SARA
051101,05,AYACUCHO,0511,SUCRE,QUEROBAMBA
051102,05,AYACUCHO,0511,SUCRE,BELEN
051103,05,AYACUCHO,0511,SUCRE,CHALCOS
051104,05,AYACUCHO,0511,SUCRE,SAN SALVADOR DE QUIJE
051105,05,AYACUCHO,0511,SUCRE,PAICO
051106,05,AYACUCHO,0511,SUCRE,SANTIAGO DE PAUCARAY
051107,05,AYACUCHO,0511,SUCRE,SAN PEDRO DE LARCAY
051108,05,AYACUCHO,0511,SUCRE,SORAS
051109,05,AYACUCHO,0511,SUCRE,HUACAÑA
051110,05,AYACUCHO,0511,SUCRE,CHILCAYOC
051111,05,AYACUCHO,0511,SUCRE,MORCOLLA
060101,06,CAJAMARCA,0601,CAJAMARCA,CAJAMARCA
060102,06,CAJAMARCA,0601,CAJAMARCA,ASUNCION
060103,06,CAJAMARCA,0601,CAJAMARCA,COSPAN
060104,06,CAJAMARCA,0601,CAJAMARCA,CHETILLA
060105,06,CAJAMARCA,0601,CAJAMARCA,ENCAÑADA
060106,06,CAJAMARCA,0601,CAJAMARCA,JESUS
060107,06,CAJAMARCA,0601,CAJAMARCA,LOS BAÑOS DEL INCA
060108,06,CAJAMARCA,0601,CAJAMARCA,LLACANORA
060109,06,CAJAMARCA,0601,CAJAMARCA,MAGDALENA
060110,06,CAJAMARCA,0601,CAJAMARCA,MATARA
060111,06,CAJAMARCA,0601,CAJAMARCA,NAMORA
060112,06,CAJAMARCA,0601,CAJAMARCA,SAN JUAN
060201,06,CAJAMARCA,0602,CAJABAMBA,CAJABAMBA
060202,06,CAJAMARCA,0602,CAJABAMBA,CACHACHI
060203,06,CAJAMARCA,0602,CAJABAMBA,CONDEBAMBA
060205,06,CAJAMARCA,0602,CAJABAMBA,SITACOCHA
060301,06,CAJAMARCA,0603,CELENDIN,CELENDIN
060302,06,CAJAMARCA,0603,CELENDIN,CORTEGANA
060303,06,CAJAMARCA,0603,CELENDIN,CHUMUCH
060304,06,CAJAMARCA,0603,CELENDIN,HUASMIN
060305,06,CAJAMARCA,0603,CELENDIN,JORGE CHAVEZ
060306,06,CAJAMARCA,0603,CELENDIN,JOSE GALVEZ
060307,06,CAJAMARCA,0603,CELENDIN,MIGUEL IGLESIAS
060308,06,CAJAMARCA,0603,CELENDIN,OXAMARCA
060309,06,CAJAMARCA,0603,CELENDIN,SOROCHUCO
060310,06,CAJAMARCA,0603,CELENDIN,SUCRE
060311,06,CAJAMARCA,0603,CELENDIN,UTCO
060312,06,CAJAMARCA,0603,CELENDIN,LA LIBERTAD DE PALLAN
060401,06,CAJAMARCA,0604,CONTUMAZA,CONTUMAZA
060403,06,CAJAMARCA,0604,CONTUMAZA,CHILETE
060404,06,CAJAMARCA,0604,CONTUMAZA,GUZMANGO
060405,06,CAJAMARCA,0604,CONTUMAZA,SAN BENITO
060406,06,CAJAMARCA,0604,CONTUMAZA,CUPISNIQUE
060407,06,CAJAMARCA,0604,CONTUMAZA,TANTARICA
060408,06,CAJAMARCA,0604,CONTUMAZA,YONAN
060409,06,CAJAMARCA,0604,CONTUMAZA,SANTA CRUZ DE TOLED
060501,06,CAJAMARCA,0605,CUTERVO,CUTERVO
060502,06,CAJAMARCA,0605,CUTERVO,CALLAYUC
060503,06,CAJAMARCA,0605,CUTERVO,CUJILLO
060504,06,CAJAMARCA,0605,CUTERVO,CHOROS
060505,06,CAJAMARCA,0605,CUTERVO,LA RAMADA
060506,06,CAJAMARCA,0605,CUTERVO,PIMPINGOS
060507,06,CAJAMARCA,0605,CUTERVO,QUEROCOTILLO
060508,06,CAJAMARCA,0605,CUTERVO,SAN ANDRES DE CUTERVO
060509,06,CAJAMARCA,0605,CUTERVO,SAN JUAN DE CUTERVO
060510,06,CAJAMARCA,0605,CUTERVO,SAN LUIS DE LUCMA
060511,06,CAJAMARCA,0605,CUTERVO,SANTA CRUZ
060512,06,CAJAMARCA,0605,CUTERVO,SANTO DOMINGO DE LA CAPILLA
060513,06,CAJAMARCA,0605,CUTERVO,SANTO TOMAS
060514,06,CAJAMARCA,0605,CUTERVO,SOCOTA
060515,06,CAJAMARCA,0605,CUTERVO,TORIBIO CASANOVA
060601,06,CAJAMARCA,0606,CHOTA,CHOTA
060602,06,CAJAMARCA,0606,CHOTA,ANGUIA
060603,06,CAJAMARCA,0606,CHOTA,COCHABAMBA
060604,06,CAJAMARCA,0606,CHOTA,CONCHAN
060605,06,CAJAMARCA,0606,CHOTA,CHADIN
060606,06,CAJAMARCA,0606,CHOTA,CHIGUIRIP
060607,06,CAJAMARCA,0606,CHOTA,CHIMBAN
060608,06,CAJAMARCA,0606,CHOTA,HUAMBOS
060609,06,CAJAMARCA,0606,CHOTA,LAJAS
060610,06,CAJAMARCA,0606,CHOTA,LLAMA
060611,06,CAJAMARCA,0606,CHOTA,MIRACOSTA
060612,06,CAJAMARCA,0606,CHOTA,PACCHA
060613,06,CAJAMARCA,0606,CHOTA,PION
060614,06,CAJAMARCA,0606,CHOTA,QUEROCOTO
060615,06,CAJAMARCA,0606,CHOTA,TACABAMBA
060616,06,CAJAMARCA,0606,CHOTA,TOCMOCHE
060617,06,CAJAMARCA,0606,CHOTA,SAN JUAN DE LICUPIS
060618,06,CAJAMARCA,0606,CHOTA,CHOROPAMPA
060619,06,CAJAMARCA,0606,CHOTA,CHALAMARCA
060701,06,CAJAMARCA,0607,HUALGAYOC,BAMBAMARCA
060702,06,CAJAMARCA,0607,HUALGAYOC,CHUGUR
060703,06,CAJAMARCA,0607,HUALGAYOC,HUALGAYOC
060801,06,CAJAMARCA,0608,JAEN,JAEN
060802,06,CAJAMARCA,0608,JAEN,BELLAVISTA
060803,06,CAJAMARCA,0608,JAEN,COLASAY
060804,06,CAJAMARCA,0608,JAEN,CHONTALI
060805,06,CAJAMARCA,0608,JAEN,POMAHUACA
060806,06,CAJAMARCA,0608,JAEN,PUCARA
060807,06,CAJAMARCA,0608,JAEN,SALLIQUE
060808,06,CAJAMARCA,0608,JAEN,SAN FELIPE
060809,06,CAJAMARCA,0608,JAEN,SAN JOSE DEL ALTO
060810,06,CAJAMARCA,0608,JAEN,SANTA ROSA
060811,06,CAJAMARCA,0608,JAEN,LAS PIRIAS
060812,06,CAJAMARCA,0608,JAEN,HUABAL
060901,06,CAJAMARCA,0609,SANTA CRUZ,SANTA CRUZ
060902,06,CAJAMARCA,0609,SANTA CRUZ,CATACHE
060903,06,CAJAMARCA,0609,SANTA CRUZ,CHANCAYBAÑOS
060904,06,CAJAMARCA,0609,SANTA CRUZ,LA ESPERANZA
060905,06,CAJAMARCA,0609,SANTA CRUZ,NINABAMBA
060906,06,CAJAMARCA,0609,SANTA CRUZ,PULAN
060907,06,CAJAMARCA,0609,SANTA CRUZ,SEXI
060908,06,CAJAMARCA,0609,SANTA CRUZ,UTICYACU
060909,06,CAJAMARCA,0609,SANTA CRUZ,YAUYUCAN
060910,06,CAJAMARCA,0609,SANTA CRUZ,ANDABAMBA
060911,06,CAJAMARCA,0609,SANTA CRUZ,SAUCEPAMPA
061001,06,CAJAMARCA,0610,SAN MIGUEL,SAN MIGUEL
061002,06,CAJAMARCA,0610,SAN MIGUEL,CALQUIS
061003,06,CAJAMARCA,0610,SAN MIGUEL,LA FLORIDA
061004,06,CAJAMARCA,0610,SAN MIGUEL,LLAPA
061005,06,CAJAMARCA,0610,SAN MIGUEL,NANCHOC
061006,06,CAJAMARCA,0610,SAN MIGUEL,NIEPOS
061007,06,CAJAMARCA,0610,SAN MIGUEL,SAN GREGORIO
061008,06,CAJAMARCA,0610,SAN MIGUEL,SAN SILVESTRE DE COCHAN
061009,06,CAJAMARCA,0610,SAN MIGUEL,EL PRADO
061010,06,CAJAMARCA,0610,SAN MIGUEL,UNION AGUA BLANCA
061011,06,CAJAMARCA,0610,SAN MIGUEL,TONGOD
061012,06,CAJAMARCA,0610,SAN MIGUEL,CATILLUC
061013,06,CAJAMARCA,0610,SAN MIGUEL,BOLIVAR
061101,06,CAJAMARCA,0611,SAN IGNACIO,SAN IGNACIO
061102,06,CAJAMARCA,0611,SAN IGNACIO,CHIRINOS
061103,06,CAJAMARCA,0611,SAN IGNACIO,HUARANGO
061104,06,CAJAMARCA,0611,SAN IGNACIO,NAMBALLE
061105,06,CAJAMARCA,0611,SAN IGNACIO,LA COIPA
061106,06,CAJAMARCA,0611,SAN IGNACIO,SAN JOSE DE LOURDES
061107,06,CAJAMARCA,0611,SAN IGNACIO,TABACONAS
061201,06,CAJAMARCA,0612,SAN MARCOS,PEDRO GALVEZ
061202,06,CAJAMARCA,0612,SAN MARCOS,ICHOCAN
061203,06,CAJAMARCA,0612,SAN MARCOS,GREGORIO PITA
061204,06,CAJAMARCA,0612,SAN MARCOS,JOSE MANUEL QUIROZ
061205,06,CAJAMARCA,0612,SAN MARCOS,EDUARDO VILLANUEVA
061206,06,CAJAMARCA,0612,SAN MARCOS,JOSE SABOGAL
061207,06,CAJAMARCA,0612,SAN MARCOS,CHANCAY
061301,06,CAJAMARCA,0613,SAN PABLO,SAN PABLO
061302,06,CAJAMARCA,0613,SAN PABLO,SAN BERNARDINO
061303,06,CAJAMARCA,0613,SAN PABLO,SAN LUIS
061304,06,CAJAMARCA,0613,SAN PABLO,TUMBADEN
070101,07,CUSCO,0701,CUSCO,CUSCO
070102,07,CUSCO,0701,CUSCO,CCORCA
070103,07,CUSCO,0701,CUSCO,POROY
070104,07,CUSCO,0701,CUSCO,SAN JERONIMO
070105,07,CUSCO,0701,CUSCO,SAN SEBASTIAN
070106,07,CUSCO,0701,CUSCO,SANTIAGO
070107,07,CUSCO,0701,CUSCO,SAYLLA
070108,07,CUSCO,0701,CUSCO,WANCHAQ
070201,07,CUSCO,0702,ACOMAYO,ACOMAYO
070202,07,CUSCO,0702,ACOMAYO,ACOPIA
070203,07,CUSCO,0702,ACOMAYO,ACOS
070204,07,CUSCO,0702,ACOMAYO,POMACANCHI
070205,07,CUSCO,0702,ACOMAYO,RONDOCAN
070206,07,CUSCO,0702,ACOMAYO,SANGARARA
070207,07,CUSCO,0702,ACOMAYO,MOSOC LLACTA
070301,07,CUSCO,0703,ANTA,ANTA
070302,07,CUSCO,0703,ANTA,CHINCHAYPUJIO
070303,07,CUSCO,0703,ANTA,HUAROCONDO
070304,07,CUSCO,0703,ANTA,LIMATAMBO
070305,07,CUSCO,0703,ANTA,MOLLEPATA
070306,07,CUSCO,0703,ANTA,PUCYURA
070307,07,CUSCO,0703,ANTA,ZURITE
070308,07,CUSCO,0703,ANTA,CACHIMAYO
070309,07,CUSCO,0703,ANTA,ANCAHUASI
070401,07,CUSCO,0704,CALCA,CALCA
070402,07,CUSCO,0704,CALCA,COYA
070403,07,CUSCO,0704,CALCA,LAMAY
070404,07,CUSCO,0704,CALCA,LARES
070405,07,CUSCO,0704,CALCA,PISAC
070406,07,CUSCO,0704,CALCA,SAN SALVADOR
070407,07,CUSCO,0704,CALCA,TARAY
070408,07,CUSCO,0704,CALCA,YANATILE
070501,07,CUSCO,0705,CANAS,YANAOCA
070502,07,CUSCO,0705,CANAS,CHECCA
070503,07,CUSCO,0705,CANAS,KUNTURKANKI
070504,07,CUSCO,0705,CANAS,LANGUI
070505,07,CUSCO,0705,CANAS,LAYO
070506,07,CUSCO,0705,CANAS,PAMPAMARCA
070507,07,CUSCO,0705,CANAS,QUEHUE
070508,07,CUSCO,0705,CANAS,TUPAC AMARU
070601,07,CUSCO,0706,CANCHIS,SICUANI
070602,07,CUSCO,0706,CANCHIS,COMBAPATA
070603,07,CUSCO,0706,CANCHIS,CHECACUPE
070604,07,CUSCO,0706,CANCHIS,MARANGANI
070605,07,CUSCO,0706,CANCHIS,PITUMARCA
070606,07,CUSCO,0706,CANCHIS,SAN PABLO
070607,07,CUSCO,0706,CANCHIS,SAN PEDRO
070608,07,CUSCO,0706,CANCHIS,TINTA
070701,07,CUSCO,0707,CHUMBIVILCAS,SANTO TOMAS
070702,07,CUSCO,0707,CHUMBIVILCAS,CAPACMARCA
070703,07,CUSCO,0707,CHUMBIVILCAS,COLQUEMARCA
070704,07,CUSCO,0707,CHUMBIVILCAS,CHAMACA
070705,07,CUSCO,0707,CHUMBIVILCAS,LIVITACA
070706,07,CUSCO,0707,CHUMBIVILCAS,LLUSCO
070707,07,CUSCO,0707,CHUMBIVILCAS,QUIÑOTA
070708,07,CUSCO,0707,CHUMBIVILCAS,VELILLE
070801,07,CUSCO,0708,ESPINAR,ESPINAR
070802,07,CUSCO,0708,ESPINAR,CONDOROMA
070803,07,CUSCO,0708,ESPINAR,COPORAQUE
070804,07,CUSCO,0708,ESPINAR,OCORURO
070805,07,CUSCO,0708,ESPINAR,PALLPATA
070806,07,CUSCO,0708,ESPINAR,PICHIGUA
070807,07,CUSCO,0708,ESPINAR,SUYCKUTAMBO
070808,07,CUSCO,0708,ESPINAR,ALTO PICHIGUA
070901,07,CUSCO,0709,LA CONVENCION,SANTA ANA
070902,07,CUSCO,0709,LA CONVENCION,ECHARATE
070903,07,CUSCO,0709,LA CONVENCION,HUAYOPATA
070904,07,CUSCO,0709,LA CONVENCION,MARANURA
070905,07,CUSCO,0709,LA CONVENCION,OCOBAMBA
070906,07,CUSCO,0709,LA CONVENCION,SANTA TERESA
070907,07,CUSCO,0709,LA CONVENCION,VILCABAMBA
070908,07,CUSCO,0709,LA CONVENCION,QUELLOUNO
070909,07,CUSCO,0709,LA CONVENCION,KIMBIRI
070910,07,CUSCO,0709,LA CONVENCION,PICHARI
070911,07,CUSCO,0709,LA CONVENCION,INKAWASI
070912,07,CUSCO,0709,LA CONVENCION,VILLA VIRGEN
070913,07,CUSCO,0709,LA CONVENCION,VILLA KINTIARINA
070914,07,CUSCO,0709,LA CONVENCION,MEGANTONI
070915,07,CUSCO,0709,LA CONVENCION,KUMPIRUSHIATO
070916,07,CUSCO,0709,LA CONVENCION,CIELO PUNCO
070917,07,CUSCO,0709,LA CONVENCION,MANITEA
070918,07,CUSCO,0709,LA CONVENCION,UNION ASHÁNINKA
071001,07,CUSCO,0710,PARURO,PARURO
071002,07,CUSCO,0710,PARURO,ACCHA
071003,07,CUSCO,0710,PARURO,CCAPI
071004,07,CUSCO,0710,PARURO,COLCHA
071005,07,CUSCO,0710,PARURO,HUANOQUITE
071006,07,CUSCO,0710,PARURO,OMACHA
071007,07,CUSCO,0710,PARURO,YAURISQUE
071008,07,CUSCO,0710,PARURO,PACCARITAMBO
071009,07,CUSCO,0710,PARURO,PILLPINTO
071101,07,CUSCO,0711,PAUCARTAMBO,PAUCARTAMBO
071102,07,CUSCO,0711,PAUCARTAMBO,CAICAY
071103,07,CUSCO,0711,PAUCARTAMBO,COLQUEPATA
071104,07,CUSCO,0711,PAUCARTAMBO,CHALLABAMBA
071105,07,CUSCO,0711,PAUCARTAMBO,KOSÑIPATA
071106,07,CUSCO,0711,PAUCARTAMBO,HUANCARANI
071201,07,CUSCO,0712,QUISPICANCHI,URCOS
071202,07,CUSCO,0712,QUISPICANCHI,ANDAHUAYLILLAS
071203,07,CUSCO,0712,QUISPICANCHI,CAMANTI
071204,07,CUSCO,0712,QUISPICANCHI,CCARHUAYO
071205,07,CUSCO,0712,QUISPICANCHI,CCATCA
071206,07,CUSCO,0712,QUISPICANCHI,CUSIPATA
071207,07,CUSCO,0712,QUISPICANCHI,HUARO
071208,07,CUSCO,0712,QUISPICANCHI,LUCRE
071209,07,CUSCO,0712,QUISPICANCHI,MARCAPATA
071210,07,CUSCO,0712,QUISPICANCHI,OCONGATE
071211,07,CUSCO,0712,QUISPICANCHI,OROPESA
071212,07,CUSCO,0712,QUISPICANCHI,QUIQUIJANA
071301,07,CUSCO,0713,URUBAMBA,URUBAMBA
071302,07,CUSCO,0713,URUBAMBA,CHINCHERO
071303,07,CUSCO,0713,URUBAMBA,HUAYLLABAMBA
071304,07,CUSCO,0713,URUBAMBA,MACHUPICCHU
071305,07,CUSCO,0713,URUBAMBA,MARAS
071306,07,CUSCO,0713,URUBAMBA,OLLANTAYTAMBO
071307,07,CUSCO,0713,URUBAMBA,YUCAY
080101,08,HUANCAVELICA,0801,HUANCAVELICA,HUANCAVELICA
080102,08,HUANCAVELICA,0801,HUANCAVELICA,ACOBAMBILLA
080103,08,HUANCAVELICA,0801,HUANCAVELICA,ACORIA
080104,08,HUANCAVELICA,0801,HUANCAVELICA,CONAYCA
080105,08,HUANCAVELICA,0801,HUANCAVELICA,CUENCA
080106,08,HUANCAVELICA,0801,HUANCAVELICA,HUACHOCOLPA
080108,08,HUANCAVELICA,0801,HUANCAVELICA,HUAYLLAHUARA
080109,08,HUANCAVELICA,0801,HUANCAVELICA,IZCUCHACA
080110,08,HUANCAVELICA,0801,HUANCAVELICA,LARIA
080111,08,HUANCAVELICA,0801,HUANCAVELICA,MANTA
080112,08,HUANCAVELICA,0801,HUANCAVELICA,MARISCAL CACERES
080113,08,HUANCAVELICA,0801,HUANCAVELICA,MOYA
080114,08,HUANCAVELICA,0801,HUANCAVELICA,NUEVO OCCORO
080115,08,HUANCAVELICA,0801,HUANCAVELICA,PALCA
080116,08,HUANCAVELICA,0801,HUANCAVELICA,PILCHACA
080117,08,HUANCAVELICA,0801,HUANCAVELICA,VILCA
080118,08,HUANCAVELICA,0801,HUANCAVELICA,YAULI
080119,08,HUANCAVELICA,0801,HUANCAVELICA,ASCENSION
080120,08,HUANCAVELICA,0801,HUANCAVELICA,HUANDO
080201,08,HUANCAVELICA,0802,ACOBAMBA,ACOBAMBA
080202,08,HUANCAVELICA,0802,ACOBAMBA,ANTA
080203,08,HUANCAVELICA,0802,ACOBAMBA,ANDABAMBA
080204,08,HUANCAVELICA,0802,ACOBAMBA,CAJA
080205,08,HUANCAVELICA,0802,ACOBAMBA,MARCAS
080206,08,HUANCAVELICA,0802,ACOBAMBA,PAUCARA
080207,08,HUANCAVELICA,0802,ACOBAMBA,POMACOCHA
080208,08,HUANCAVELICA,0802,ACOBAMBA,ROSARIO
080301,08,HUANCAVELICA,0803,ANGARAES,LIRCAY
080302,08,HUANCAVELICA,0803,ANGARAES,ANCHONGA
080303,08,HUANCAVELICA,0803,ANGARAES,CALLANMARCA
080304,08,HUANCAVELICA,0803,ANGARAES,CONGALLA
080305,08,HUANCAVELICA,0803,ANGARAES,CHINCHO
080306,08,HUANCAVELICA,0803,ANGARAES,HUALLAY-GRANDE
080307,08,HUANCAVELICA,0803,ANGARAES,HUANCA-HUANCA
080308,08,HUANCAVELICA,0803,ANGARAES,JULCAMARCA
080309,08,HUANCAVELICA,0803,ANGARAES,SAN ANTONIO DE ANTAPARCO
080310,08,HUANCAVELICA,0803,ANGARAES,SANTO TOMAS DE PATA
080311,08,HUANCAVELICA,0803,ANGARAES,SECCLLA
080312,08,HUANCAVELICA,0803,ANGARAES,CCOCHACCASA
080401,08,HUANCAVELICA,0804,CASTROVIRREYNA,CASTROVIRREYNA
080402,08,HUANCAVELICA,0804,CASTROVIRREYNA,ARMA
080403,08,HUANCAVELICA,0804,CASTROVIRREYNA,AURAHUA
080405,08,HUANCAVELICA,0804,CASTROVIRREYNA,CAPILLAS
080406,08,HUANCAVELICA,0804,CASTROVIRREYNA,COCAS
080408,08,HUANCAVELICA,0804,CASTROVIRREYNA,CHUPAMARCA
080409,08,HUANCAVELICA,0804,CASTROVIRREYNA,HUACHOS
080410,08,HUANCAVELICA,0804,CASTROVIRREYNA,HUAMATAMBO
080414,08,HUANCAVELICA,0804,CASTROVIRREYNA,MOLLEPAMPA
080422,08,HUANCAVELICA,0804,CASTROVIRREYNA,SAN JUAN
080427,08,HUANCAVELICA,0804,CASTROVIRREYNA,TANTARA
080428,08,HUANCAVELICA,0804,CASTROVIRREYNA,TICRAPO
080429,08,HUANCAVELICA,0804,CASTROVIRREYNA,SANTA ANA
080501,08,HUANCAVELICA,0805,TAYACAJA,PAMPAS
080502,08,HUANCAVELICA,0805,TAYACAJA,ACOSTAMBO
080503,08,HUANCAVELICA,0805,TAYACAJA,ACRAQUIA
080504,08,HUANCAVELICA,0805,TAYACAJA,AHUAYCHA
080506,08,HUANCAVELICA,0805,TAYACAJA,COLCABAMBA
080509,08,HUANCAVELICA,0805,TAYACAJA,DANIEL HERNANDEZ
080511,08,HUANCAVELICA,0805,TAYACAJA,HUACHOCOLPA
080515,08,HUANCAVELICA,0805,TAYACAJA,ÑAHUIMPUQUIO
080517,08,HUANCAVELICA,0805,TAYACAJA,SURCUBAMBA
080518,08,HUANCAVELICA,0805,TAYACAJA,TINTAY PUNCU
080519,08,HUANCAVELICA,0805,TAYACAJA,QUICHUAS
080520,08,HUANCAVELICA,0805,TAYACAJA,ANDAYMARCA
080521,08,HUANCAVELICA,0805,TAYACAJA,ROBLE
080522,08,HUANCAVELICA,0805,TAYACAJA,PICHOS
080523,08,HUANCAVELICA,0805,TAYACAJA,SANTIAGO DE TUCUMA
080524,08,HUANCAVELICA,0805,TAYACAJA,LAMBRAS
080525,08,HUANCAVELICA,0805,TAYACAJA,COCHABAMBA
080526,08,HUANCAVELICA,0805,TAYACAJA,SALCAHUASI
080601,08,HUANCAVELICA,0806,HUAYTARA,AYAVI
080602,08,HUANCAVELICA,0806,HUAYTARA,CORDOVA
080603,08,HUANCAVELICA,0806,HUAYTARA,HUAYACUNDO ARMA
080604,08,HUANCAVELICA,0806,HUAYTARA,HUAYTARA
080605,08,HUANCAVELICA,0806,HUAYTARA,LARAMARCA
080606,08,HUANCAVELICA,0806,HUAYTARA,OCOYO
080607,08,HUANCAVELICA,0806,HUAYTARA,PILPICHACA
080608,08,HUANCAVELICA,0806,HUAYTARA,QUERCO
080609,08,HUANCAVELICA,0806,HUAYTARA,QUITO ARMA
080610,08,HUANCAVELICA,0806,HUAYTARA,SAN ANTONIO DE CUSICANCHA
080611,08,HUANCAVELICA,0806,HUAYTARA,SAN FRANCISCO DE SANGAYAICO
080612,08,HUANCAVELICA,0806,HUAYTARA,SAN ISIDRO
080613,08,HUANCAVELICA,0806,HUAYTARA,SANTIAGO DE CHOCORVOS
080614,08,HUANCAVELICA,0806,HUAYTARA,SANTIAGO DE QUIRAHUARA
080615,08,HUANCAVELICA,0806,HUAYTARA,SANTO DOMINGO DE CAPILLAS
080616,08,HUANCAVELICA,0806,HUAYTARA,TAMBO
080701,08,HUANCAVELICA,0807,CHURCAMPA,CHURCAMPA
080702,08,HUANCAVELICA,0807,CHURCAMPA,ANCO
080703,08,HUANCAVELICA,0807,CHURCAMPA,CHINCHIHUASI
080704,08,HUANCAVELICA,0807,CHURCAMPA,EL CARMEN
080705,08,HUANCAVELICA,0807,CHURCAMPA,LA MERCED
080706,08,HUANCAVELICA,0807,CHURCAMPA,LOCROJA
080707,08,HUANCAVELICA,0807,CHURCAMPA,PAUCARBAMBA
080708,08,HUANCAVELICA,0807,CHURCAMPA,SAN MIGUEL DE MAYOCC
080709,08,HUANCAVELICA,0807,CHURCAMPA,SAN PEDRO DE CORIS
080710,08,HUANCAVELICA,0807,CHURCAMPA,PACHAMARCA
080711,08,HUANCAVELICA,0807,CHURCAMPA,COSME
090101,09,HUANUCO,0901,HUANUCO,HUANUCO
090102,09,HUANUCO,0901,HUANUCO,CHINCHAO
090103,09,HUANUCO,0901,HUANUCO,CHURUBAMBA
090104,09,HUANUCO,0901,HUANUCO,MARGOS
090105,09,HUANUCO,0901,HUANUCO,QUISQUI
090106,09,HUANUCO,0901,HUANUCO,SAN FRANCISCO DE CAYRAN
090107,09,HUANUCO,0901,HUANUCO,SAN PEDRO DE CHAULAN
090108,09,HUANUCO,0901,HUANUCO,SANTA MARIA DEL VALLE
090109,09,HUANUCO,0901,HUANUCO,YARUMAYO
090110,09,HUANUCO,0901,HUANUCO,AMARILIS
090111,09,HUANUCO,0901,HUANUCO,PILLCO MARCA
090112,09,HUANUCO,0901,HUANUCO,YACUS
090113,09,HUANUCO,0901,HUANUCO,SAN PABLO DE PILLAO
090201,09,HUANUCO,0902,AMBO,AMBO
090202,09,HUANUCO,0902,AMBO,CAYNA
090203,09,HUANUCO,0902,AMBO,COLPAS
090204,09,HUANUCO,0902,AMBO,CONCHAMARCA
090205,09,HUANUCO,0902,AMBO,HUACAR
090206,09,HUANUCO,0902,AMBO,SAN FRANCISCO
090207,09,HUANUCO,0902,AMBO,SAN RAFAEL
090208,09,HUANUCO,0902,AMBO,TOMAY-KICHWA
090301,09,HUANUCO,0903,DOS DE MAYO,LA UNION
090307,09,HUANUCO,0903,DOS DE MAYO,CHUQUIS
090312,09,HUANUCO,0903,DOS DE MAYO,MARIAS
090314,09,HUANUCO,0903,DOS DE MAYO,PACHAS
090316,09,HUANUCO,0903,DOS DE MAYO,QUIVILLA
090317,09,HUANUCO,0903,DOS DE MAYO,RIPAN
090321,09,HUANUCO,0903,DOS DE MAYO,SHUNQUI
090322,09,HUANUCO,0903,DOS DE MAYO,SILLAPATA
090323,09,HUANUCO,0903,DOS DE MAYO,YANAS
090401,09,HUANUCO,0904,HUAMALIES,LLATA
090402,09,HUANUCO,0904,HUAMALIES,ARANCAY
090403,09,HUANUCO,0904,HUAMALIES,CHAVIN DE PARIARCA
090404,09,HUANUCO,0904,HUAMALIES,JACAS GRANDE
090405,09,HUANUCO,0904,HUAMALIES,JIRCAN
090406,09,HUANUCO,0904,HUAMALIES,MIRAFLORES
090407,09,HUANUCO,0904,HUAMALIES,MONZON
090408,09,HUANUCO,0904,HUAMALIES,PUNCHAO
090409,09,HUANUCO,0904,HUAMALIES,PUÑOS
090410,09,HUANUCO,0904,HUAMALIES,SINGA
090411,09,HUANUCO,0904,HUAMALIES,TANTAMAYO
090501,09,HUANUCO,0905,MARAÑON,HUACRACHUCO
090502,09,HUANUCO,0905,MARAÑON,CHOLON
090504,09,HUANUCO,0905,MARAÑON,LA MORADA
090505,09,HUANUCO,0905,MARAÑON,SANTA ROSA DE ALTO YANAJANCA
090601,09,HUANUCO,0906,LEONCIO PRADO,RUPA-RUPA
090602,09,HUANUCO,0906,LEONCIO PRADO,DANIEL ALOMIA ROBLES
090603,09,HUANUCO,0906,LEONCIO PRADO,HERMILIO VALDIZAN
090604,09,HUANUCO,0906,LEONCIO PRADO,LUYANDO
090605,09,HUANUCO,0906,LEONCIO PRADO,MARIANO DAMASO BERAUN
090606,09,HUANUCO,0906,LEONCIO PRADO,JOSE CRESPO Y CASTILLO
090607,09,HUANUCO,0906,LEONCIO PRADO,PUCAYACU
090608,09,HUANUCO,0906,LEONCIO PRADO,CASTILLO GRANDE
090609,09,HUANUCO,0906,LEONCIO PRADO,PUEBLO NUEVO
090610,09,HUANUCO,0906,LEONCIO PRADO,SANTO DOMINGO DE ANDA
090701,09,HUANUCO,0907,PACHITEA,PANAO
090702,09,HUANUCO,0907,PACHITEA,CHAGLLA
090704,09,HUANUCO,0907,PACHITEA,MOLINO
090706,09,HUANUCO,0907,PACHITEA,UMARI
090801,09,HUANUCO,0908,PUERTO INCA,HONORIA
090802,09,HUANUCO,0908,PUERTO INCA,PUERTO INCA
090803,09,HUANUCO,0908,PUERTO INCA,CODO DEL POZUZO
090804,09,HUANUCO,0908,PUERTO INCA,TOURNAVISTA
090805,09,HUANUCO,0908,PUERTO INCA,YUYAPICHIS
090901,09,HUANUCO,0909,HUACAYBAMBA,HUACAYBAMBA
090902,09,HUANUCO,0909,HUACAYBAMBA,PINRA
090903,09,HUANUCO,0909,HUACAYBAMBA,CANCHABAMBA
090904,09,HUANUCO,0909,HUACAYBAMBA,COCHABAMBA
091001,09,HUANUCO,0910,LAURICOCHA,JESUS
091002,09,HUANUCO,0910,LAURICOCHA,BAÑOS
091003,09,HUANUCO,0910,LAURICOCHA,SAN FRANCISCO DE ASIS
091004,09,HUANUCO,0910,LAURICOCHA,QUEROPALCA
091005,09,HUANUCO,0910,LAURICOCHA,SAN MIGUEL DE CAURI
091006,09,HUANUCO,0910,LAURICOCHA,RONDOS
091007,09,HUANUCO,0910,LAURICOCHA,JIVIA
091101,09,HUANUCO,0911,YAROWILCA,CHAVINILLO
091102,09,HUANUCO,0911,YAROWILCA,APARICIO POMARES
091103,09,HUANUCO,0911,YAROWILCA,CAHUAC
091104,09,HUANUCO,0911,YAROWILCA,CHACABAMBA
091105,09,HUANUCO,0911,YAROWILCA,JACAS CHICO
091106,09,HUANUCO,0911,YAROWILCA,OBAS
091107,09,HUANUCO,0911,YAROWILCA,PAMPAMARCA
091108,09,HUANUCO,0911,YAROWILCA,CHORAS
100101,10,ICA,1001,ICA,ICA
100102,10,ICA,1001,ICA,LA TINGUIÑA
100103,10,ICA,1001,ICA,LOS AQUIJES
100104,10,ICA,1001,ICA,PARCONA
100105,10,ICA,1001,ICA,PUEBLO NUEVO
100106,10,ICA,1001,ICA,SALAS
100107,10,ICA,1001,ICA,SAN JOSE DE LOS MOLINOS
100108,10,ICA,1001,ICA,SAN JUAN BAUTISTA
100109,10,ICA,1001,ICA,SANTIAGO
100110,10,ICA,1001,ICA,SUBTANJALLA
100111,10,ICA,1001,ICA,YAUCA DEL ROSARIO
100112,10,ICA,1001,ICA,TATE
100113,10,ICA,1001,ICA,PACHACUTEC
100114,10,ICA,1001,ICA,OCUCAJE
100201,10,ICA,1002,CHINCHA,CHINCHA ALTA
100202,10,ICA,1002,CHINCHA,CHAVIN
100203,10,ICA,1002,CHINCHA,CHINCHA BAJA
100204,10,ICA,1002,CHINCHA,EL CARMEN
100205,10,ICA,1002,CHINCHA,GROCIO PRADO
100206,10,ICA,1002,CHINCHA,SAN PEDRO DE HUACARPANA
100207,10,ICA,1002,CHINCHA,SUNAMPE
100208,10,ICA,1002,CHINCHA,TAMBO DE MORA
100209,10,ICA,1002,CHINCHA,ALTO LARAN
100210,10,ICA,1002,CHINCHA,PUEBLO NUEVO
100211,10,ICA,1002,CHINCHA,SAN JUAN DE YANAC
100301,10,ICA,1003,NAZCA,NAZCA
100302,10,ICA,1003,NAZCA,CHANGUILLO
100303,10,ICA,1003,NAZCA,EL INGENIO
100304,10,ICA,1003,NAZCA,MARCONA
100305,10,ICA,1003,NAZCA,VISTA ALEGRE
100401,10,ICA,1004,PISCO,PISCO
100402,10,ICA,1004,PISCO,HUANCANO
100403,10,ICA,1004,PISCO,HUMAY
100404,10,ICA,1004,PISCO,INDEPENDENCIA
100405,10,ICA,1004,PISCO,PARACAS
100406,10,ICA,1004,PISCO,SAN ANDRES
100407,10,ICA,1004,PISCO,SAN CLEMENTE
100408,10,ICA,1004,PISCO,TUPAC AMARU INCA
100501,10,ICA,1005,PALPA,PALPA
100502,10,ICA,1005,PALPA,LLIPATA
100503,10,ICA,1005,PALPA,RIO GRANDE
100504,10,ICA,1005,PALPA,SANTA CRUZ
100505,10,ICA,1005,PALPA,TIBILLO
110101,11,JUNIN,1101,HUANCAYO,HUANCAYO
110103,11,JUNIN,1101,HUANCAYO,CARHUACALLANGA
110104,11,JUNIN,1101,HUANCAYO,COLCA
110105,11,JUNIN,1101,HUANCAYO,CULLHUAS
110106,11,JUNIN,1101,HUANCAYO,CHACAPAMPA
110107,11,JUNIN,1101,HUANCAYO,CHICCHE
110108,11,JUNIN,1101,HUANCAYO,CHILCA
110109,11,JUNIN,1101,HUANCAYO,CHONGOS ALTO
110112,11,JUNIN,1101,HUANCAYO,CHUPURO
110113,11,JUNIN,1101,HUANCAYO,EL TAMBO
110114,11,JUNIN,1101,HUANCAYO,HUACRAPUQUIO
110116,11,JUNIN,1101,HUANCAYO,HUALHUAS
110118,11,JUNIN,1101,HUANCAYO,HUANCAN
110119,11,JUNIN,1101,HUANCAYO,HUASICANCHA
110120,11,JUNIN,1101,HUANCAYO,HUAYUCACHI
110121,11,JUNIN,1101,HUANCAYO,INGENIO
110122,11,JUNIN,1101,HUANCAYO,PARIAHUANCA
110123,11,JUNIN,1101,HUANCAYO,PILCOMAYO
110124,11,JUNIN,1101,HUANCAYO,PUCARA
110125,11,JUNIN,1101,HUANCAYO,QUICHUAY
110126,11,JUNIN,1101,HUANCAYO,QUILCAS
110127,11,JUNIN,1101,HUANCAYO,SAN AGUSTIN
110128,11,JUNIN,1101,HUANCAYO,SAN JERONIMO DE TUNAN
110131,11,JUNIN,1101,HUANCAYO,SANTO DOMINGO DE ACOBAMBA
110132,11,JUNIN,1101,HUANCAYO,SAÑO
110133,11,JUNIN,1101,HUANCAYO,SAPALLANGA
110134,11,JUNIN,1101,HUANCAYO,SICAYA
110136,11,JUNIN,1101,HUANCAYO,VIQUES
110201,11,JUNIN,1102,CONCEPCION,CONCEPCION
110202,11,JUNIN,1102,CONCEPCION,ACO
110203,11,JUNIN,1102,CONCEPCION,ANDAMARCA
110204,11,JUNIN,1102,CONCEPCION,COMAS
110205,11,JUNIN,1102,CONCEPCION,COCHAS
110206,11,JUNIN,1102,CONCEPCION,CHAMBARA
110207,11,JUNIN,1102,CONCEPCION,HEROINAS TOLEDO
110208,11,JUNIN,1102,CONCEPCION,MANZANARES
110209,11,JUNIN,1102,CONCEPCION,MARISCAL CASTILLA
110210,11,JUNIN,1102,CONCEPCION,MATAHUASI
110211,11,JUNIN,1102,CONCEPCION,MITO
110212,11,JUNIN,1102,CONCEPCION,NUEVE DE JULIO
110213,11,JUNIN,1102,CONCEPCION,ORCOTUNA
110214,11,JUNIN,1102,CONCEPCION,SANTA ROSA DE OCOPA
110215,11,JUNIN,1102,CONCEPCION,SAN JOSE DE QUERO
110301,11,JUNIN,1103,JAUJA,JAUJA
110302,11,JUNIN,1103,JAUJA,ACOLLA
110303,11,JUNIN,1103,JAUJA,APATA
110304,11,JUNIN,1103,JAUJA,ATAURA
110305,11,JUNIN,1103,JAUJA,CANCHAYLLO
110306,11,JUNIN,1103,JAUJA,EL MANTARO
110307,11,JUNIN,1103,JAUJA,HUAMALI
110308,11,JUNIN,1103,JAUJA,HUARIPAMPA
110309,11,JUNIN,1103,JAUJA,HUERTAS
110310,11,JUNIN,1103,JAUJA,JANJAILLO
110311,11,JUNIN,1103,JAUJA,JULCAN
110312,11,JUNIN,1103,JAUJA,LEONOR ORDOÑEZ
110313,11,JUNIN,1103,JAUJA,LLOCLLAPAMPA
110314,11,JUNIN,1103,JAUJA,MARCO
110315,11,JUNIN,1103,JAUJA,MASMA
110316,11,JUNIN,1103,JAUJA,MOLINOS
110317,11,JUNIN,1103,JAUJA,MONOBAMBA
110318,11,JUNIN,1103,JAUJA,MUQUI
110319,11,JUNIN,1103,JAUJA,MUQUIYAUYO
110320,11,JUNIN,1103,JAUJA,PACA
110321,11,JUNIN,1103,JAUJA,PACCHA
110322,11,JUNIN,1103,JAUJA,PANCAN
110323,11,JUNIN,1103,JAUJA,PARCO
110324,11,JUNIN,1103,JAUJA,POMACANCHA
110325,11,JUNIN,1103,JAUJA,RICRAN
110326,11,JUNIN,1103,JAUJA,SAN LORENZO
110327,11,JUNIN,1103,JAUJA,SAN PEDRO DE CHUNAN
110328,11,JUNIN,1103,JAUJA,SINCOS
110329,11,JUNIN,1103,JAUJA,TUNAN MARCA
110330,11,JUNIN,1103,JAUJA,YAULI
110331,11,JUNIN,1103,JAUJA,CURICACA
110332,11,JUNIN,1103,JAUJA,MASMA CHICCHE
110333,11,JUNIN,1103,JAUJA,SAUSA
110334,11,JUNIN,1103,JAUJA,YAUYOS
110401,11,JUNIN,1104,JUNIN,JUNIN
110402,11,JUNIN,1104,JUNIN,CARHUAMAYO
110403,11,JUNIN,1104,JUNIN,ONDORES
110404,11,JUNIN,1104,JUNIN,ULCUMAYO
110501,11,JUNIN,1105,TARMA,TARMA
110502,11,JUNIN,1105,TARMA,ACOBAMBA
110503,11,JUNIN,1105,TARMA,HUARICOLCA
110504,11,JUNIN,1105,TARMA,HUASAHUASI
110505,11,JUNIN,1105,TARMA,LA UNION
110506,11,JUNIN,1105,TARMA,PALCA
110507,11,JUNIN,1105,TARMA,PALCAMAYO
110508,11,JUNIN,1105,TARMA,SAN PEDRO DE CAJAS
110509,11,JUNIN,1105,TARMA,TAPO
110601,11,JUNIN,1106,YAULI,LA OROYA
110602,11,JUNIN,1106,YAULI,CHACAPALPA
110603,11,JUNIN,1106,YAULI,HUAY HUAY
110604,11,JUNIN,1106,YAULI,MARCAPOMACOCHA
110605,11,JUNIN,1106,YAULI,MOROCOCHA
110606,11,JUNIN,1106,YAULI,PACCHA
110607,11,JUNIN,1106,YAULI,SANTA BARBARA DE CARHUACAYAN
110608,11,JUNIN,1106,YAULI,SUITUCANCHA
110609,11,JUNIN,1106,YAULI,YAULI
110610,11,JUNIN,1106,YAULI,SANTA ROSA DE SACCO
110701,11,JUNIN,1107,SATIPO,SATIPO
110702,11,JUNIN,1107,SATIPO,COVIRIALI
110703,11,JUNIN,1107,SATIPO,LLAYLLA
110704,11,JUNIN,1107,SATIPO,MAZAMARI
110705,11,JUNIN,1107,SATIPO,PAMPA HERMOSA
110706,11,JUNIN,1107,SATIPO,PANGOA
110707,11,JUNIN,1107,SATIPO,RIO NEGRO
110708,11,JUNIN,1107,SATIPO,RIO TAMBO
110709,11,JUNIN,1107,SATIPO,VIZCATAN DEL ENE
110801,11,JUNIN,1108,CHANCHAMAYO,CHANCHAMAYO
110802,11,JUNIN,1108,CHANCHAMAYO,SAN RAMON
110803,11,JUNIN,1108,CHANCHAMAYO,VITOC
110804,11,JUNIN,1108,CHANCHAMAYO,SAN LUIS DE SHUARO
110805,11,JUNIN,1108,CHANCHAMAYO,PICHANAQUI
110806,11,JUNIN,1108,CHANCHAMAYO,PERENE
110901,11,JUNIN,1109,CHUPACA,CHUPACA
110902,11,JUNIN,1109,CHUPACA,AHUAC
110903,11,JUNIN,1109,CHUPACA,CHONGOS BAJO
110904,11,JUNIN,1109,CHUPACA,HUACHAC
110905,11,JUNIN,1109,CHUPACA,HUAMANCACA CHICO
110906,11,JUNIN,1109,CHUPACA,SAN JUAN DE YSCOS
110907,11,JUNIN,1109,CHUPACA,SAN JUAN DE JARPA
110908,11,JUNIN,1109,CHUPACA,TRES DE DICIEMBRE
110909,11,JUNIN,1109,CHUPACA,YANACANCHA
120101,12,LA LIBERTAD,1201,TRUJILLO,TRUJILLO
120102,12,LA LIBERTAD,1201,TRUJILLO,HUANCHACO
120103,12,LA LIBERTAD,1201,TRUJILLO,LAREDO
120104,12,LA LIBERTAD,1201,TRUJILLO,MOCHE
120105,12,LA LIBERTAD,1201,TRUJILLO,SALAVERRY
120106,12,LA LIBERTAD,1201,TRUJILLO,SIMBAL
120107,12,LA LIBERTAD,1201,TRUJILLO,VICTOR LARCO HERRERA
120109,12,LA LIBERTAD,1201,TRUJILLO,POROTO
120110,12,LA LIBERTAD,1201,TRUJILLO,EL PORVENIR
120111,12,LA LIBERTAD,1201,TRUJILLO,LA ESPERANZA
120112,12,LA LIBERTAD,1201,TRUJILLO,FLORENCIA DE MORA
120201,12,LA LIBERTAD,1202,BOLIVAR,BOLIVAR
120202,12,LA LIBERTAD,1202,BOLIVAR,BAMBAMARCA
120203,12,LA LIBERTAD,1202,BOLIVAR,CONDORMARCA
120204,12,LA LIBERTAD,1202,BOLIVAR,LONGOTEA
120205,12,LA LIBERTAD,1202,BOLIVAR,UCUNCHA
120206,12,LA LIBERTAD,1202,BOLIVAR,UCHUMARCA
120301,12,LA LIBERTAD,1203,SANCHEZ CARRION,HUAMACHUCO
120302,12,LA LIBERTAD,1203,SANCHEZ CARRION,COCHORCO
120303,12,LA LIBERTAD,1203,SANCHEZ CARRION,CURGOS
120304,12,LA LIBERTAD,1203,SANCHEZ CARRION,CHUGAY
120305,12,LA LIBERTAD,1203,SANCHEZ CARRION,MARCABAL
120306,12,LA LIBERTAD,1203,SANCHEZ CARRION,SANAGORAN
120307,12,LA LIBERTAD,1203,SANCHEZ CARRION,SARIN
120308,12,LA LIBERTAD,1203,SANCHEZ CARRION,SARTIMBAMBA
120401,12,LA LIBERTAD,1204,OTUZCO,OTUZCO
120402,12,LA LIBERTAD,1204,OTUZCO,AGALLPAMPA
120403,12,LA LIBERTAD,1204,OTUZCO,CHARAT
120404,12,LA LIBERTAD,1204,OTUZCO,HUARANCHAL
120405,12,LA LIBERTAD,1204,OTUZCO,LA CUESTA
120408,12,LA LIBERTAD,1204,OTUZCO,PARANDAY
120409,12,LA LIBERTAD,1204,OTUZCO,SALPO
120410,12,LA LIBERTAD,1204,OTUZCO,SINSICAP
120411,12,LA LIBERTAD,1204,OTUZCO,USQUIL
120413,12,LA LIBERTAD,1204,OTUZCO,MACHE
120501,12,LA LIBERTAD,1205,PACASMAYO,SAN PEDRO DE LLOC
120503,12,LA LIBERTAD,1205,PACASMAYO,GUADALUPE
120504,12,LA LIBERTAD,1205,PACASMAYO,JEQUETEPEQUE
120506,12,LA LIBERTAD,1205,PACASMAYO,PACASMAYO
120508,12,LA LIBERTAD,1205,PACASMAYO,SAN JOSE
120601,12,LA LIBERTAD,1206,PATAZ,TAYABAMBA
120602,12,LA LIBERTAD,1206,PATAZ,BULDIBUYO
120603,12,LA LIBERTAD,1206,PATAZ,CHILLIA
120604,12,LA LIBERTAD,1206,PATAZ,HUAYLILLAS
120605,12,LA LIBERTAD,1206,PATAZ,HUANCASPATA
120606,12,LA LIBERTAD,1206,PATAZ,HUAYO
120607,12,LA LIBERTAD,1206,PATAZ,ONGON
120608,12,LA LIBERTAD,1206,PATAZ,PARCOY
120609,12,LA LIBERTAD,1206,PATAZ,PATAZ
120610,12,LA LIBERTAD,1206,PATAZ,PIAS
120611,12,LA LIBERTAD,1206,PATAZ,TAURIJA
120612,12,LA LIBERTAD,1206,PATAZ,URPAY
120613,12,LA LIBERTAD,1206,PATAZ,SANTIAGO DE CHALLAS
120701,12,LA LIBERTAD,1207,SANTIAGO DE CHUCO,SANTIAGO DE CHUCO
120702,12,LA LIBERTAD,1207,SANTIAGO DE CHUCO,CACHICADAN
120703,12,LA LIBERTAD,1207,SANTIAGO DE CHUCO,MOLLEBAMBA
120704,12,LA LIBERTAD,1207,SANTIAGO DE CHUCO,MOLLEPATA
120705,12,LA LIBERTAD,1207,SANTIAGO DE CHUCO,QUIRUVILCA
120706,12,LA LIBERTAD,1207,SANTIAGO DE CHUCO,SANTA CRUZ DE CHUCA
120707,12,LA LIBERTAD,1207,SANTIAGO DE CHUCO,SITABAMBA
120708,12,LA LIBERTAD,1207,SANTIAGO DE CHUCO,ANGASMARCA
120801,12,LA LIBERTAD,1208,ASCOPE,ASCOPE
120802,12,LA LIBERTAD,1208,ASCOPE,CHICAMA
120803,12,LA LIBERTAD,1208,ASCOPE,CHOCOPE
120804,12,LA LIBERTAD,1208,ASCOPE,SANTIAGO DE CAO
120805,12,LA LIBERTAD,1208,ASCOPE,MAGDALENA DE CAO
120806,12,LA LIBERTAD,1208,ASCOPE,PAIJAN
120807,12,LA LIBERTAD,1208,ASCOPE,RAZURI
120808,12,LA LIBERTAD,1208,ASCOPE,CASA GRANDE
120901,12,LA LIBERTAD,1209,CHEPEN,CHEPEN
120902,12,LA LIBERTAD,1209,CHEPEN,PACANGA
120903,12,LA LIBERTAD,1209,CHEPEN,PUEBLO NUEVO
121001,12,LA LIBERTAD,1210,JULCAN,JULCAN
121002,12,LA LIBERTAD,1210,JULCAN,CARABAMBA
121003,12,LA LIBERTAD,1210,JULCAN,CALAMARCA
121004,12,LA LIBERTAD,1210,JULCAN,HUASO
121101,12,LA LIBERTAD,1211,GRAN CHIMU,CASCAS
121102,12,LA LIBERTAD,1211,GRAN CHIMU,LUCMA
121103,12,LA LIBERTAD,1211,GRAN CHIMU,MARMOT
121104,12,LA LIBERTAD,1211,GRAN CHIMU,SAYAPULLO
121201,12,LA LIBERTAD,1212,VIRU,VIRU
121202,12,LA LIBERTAD,1212,VIRU,CHAO
121203,12,LA LIBERTAD,1212,VIRU,GUADALUPITO
130101,13,LAMBAYEQUE,1301,CHICLAYO,CHICLAYO
130102,13,LAMBAYEQUE,1301,CHICLAYO,CHONGOYAPE
130103,13,LAMBAYEQUE,1301,CHICLAYO,ETEN
130104,13,LAMBAYEQUE,1301,CHICLAYO,ETEN PUERTO
130105,13,LAMBAYEQUE,1301,CHICLAYO,LAGUNAS
130106,13,LAMBAYEQUE,1301,CHICLAYO,MONSEFU
130107,13,LAMBAYEQUE,1301,CHICLAYO,NUEVA ARICA
130108,13,LAMBAYEQUE,1301,CHICLAYO,OYOTUN
130109,13,LAMBAYEQUE,1301,CHICLAYO,PICSI
130110,13,LAMBAYEQUE,1301,CHICLAYO,PIMENTEL
130111,13,LAMBAYEQUE,1301,CHICLAYO,REQUE
130112,13,LAMBAYEQUE,1301,CHICLAYO,JOSE LEONARDO ORTIZ
130113,13,LAMBAYEQUE,1301,CHICLAYO,SANTA ROSA
130114,13,LAMBAYEQUE,1301,CHICLAYO,SAÑA
130115,13,LAMBAYEQUE,1301,CHICLAYO,LA VICTORIA
130116,13,LAMBAYEQUE,1301,CHICLAYO,CAYALTI
130117,13,LAMBAYEQUE,1301,CHICLAYO,PATAPO
130118,13,LAMBAYEQUE,1301,CHICLAYO,POMALCA
130119,13,LAMBAYEQUE,1301,CHICLAYO,PUCALA
130120,13,LAMBAYEQUE,1301,CHICLAYO,TUMAN
130201,13,LAMBAYEQUE,1302,FERREÑAFE,FERREÑAFE
130202,13,LAMBAYEQUE,1302,FERREÑAFE,INCAHUASI
130203,13,LAMBAYEQUE,1302,FERREÑAFE,CAÑARIS
130204,13,LAMBAYEQUE,1302,FERREÑAFE,PITIPO
130205,13,LAMBAYEQUE,1302,FERREÑAFE,PUEBLO NUEVO
130206,13,LAMBAYEQUE,1302,FERREÑAFE,MANUEL ANTONIO MESONES MURO
130301,13,LAMBAYEQUE,1303,LAMBAYEQUE,LAMBAYEQUE
130302,13,LAMBAYEQUE,1303,LAMBAYEQUE,CHOCHOPE
130303,13,LAMBAYEQUE,1303,LAMBAYEQUE,ILLIMO
130304,13,LAMBAYEQUE,1303,LAMBAYEQUE,JAYANCA
130305,13,LAMBAYEQUE,1303,LAMBAYEQUE,MOCHUMI
130306,13,LAMBAYEQUE,1303,LAMBAYEQUE,MORROPE
130307,13,LAMBAYEQUE,1303,LAMBAYEQUE,MOTUPE
130308,13,LAMBAYEQUE,1303,LAMBAYEQUE,OLMOS
130309,13,LAMBAYEQUE,1303,LAMBAYEQUE,PACORA
130310,13,LAMBAYEQUE,1303,LAMBAYEQUE,SALAS
130311,13,LAMBAYEQUE,1303,LAMBAYEQUE,SAN JOSE
130312,13,LAMBAYEQUE,1303,LAMBAYEQUE,TUCUME
140101,14,LIMA,1401,LIMA,LIMA
140102,14,LIMA,1401,LIMA,ANCON
140103,14,LIMA,1401,LIMA,ATE
140104,14,LIMA,1401,LIMA,BREÑA
140105,14,LIMA,1401,LIMA,CARABAYLLO
140106,14,LIMA,1401,LIMA,COMAS
140107,14,LIMA,1401,LIMA,CHACLACAYO
140108,14,LIMA,1401,LIMA,CHORRILLOS
140109,14,LIMA,1401,LIMA,LA VICTORIA
140110,14,LIMA,1401,LIMA,LA MOLINA
140111,14,LIMA,1401,LIMA,LINCE
140112,14,LIMA,1401,LIMA,LURIGANCHO
140113,14,LIMA,1401,LIMA,LURIN
140114,14,LIMA,1401,LIMA,MAGDALENA DEL MAR
140115,14,LIMA,1401,LIMA,MIRAFLORES
140116,14,LIMA,1401,LIMA,PACHACAMAC
140117,14,LIMA,1401,LIMA,PUEBLO LIBRE
140118,14,LIMA,1401,LIMA,PUCUSANA
140119,14,LIMA,1401,LIMA,PUENTE PIEDRA
140120,14,LIMA,1401,LIMA,PUNTA HERMOSA
140121,14,LIMA,1401,LIMA,PUNTA NEGRA
140122,14,LIMA,1401,LIMA,RIMAC
140123,14,LIMA,1401,LIMA,SAN BARTOLO
140124,14,LIMA,1401,LIMA,SAN ISIDRO
140125,14,LIMA,1401,LIMA,BARRANCO
140126,14,LIMA,1401,LIMA,SAN MARTIN DE PORRES
140127,14,LIMA,1401,LIMA,SAN MIGUEL
140128,14,LIMA,1401,LIMA,SANTA MARIA DEL MAR
140129,14,LIMA,1401,LIMA,SANTA ROSA
140130,14,LIMA,1401,LIMA,SANTIAGO DE SURCO
140131,14,LIMA,1401,LIMA,SURQUILLO
140132,14,LIMA,1401,LIMA,VILLA MARIA DEL TRIUNFO
140133,14,LIMA,1401,LIMA,JESUS MARIA
140134,14,LIMA,1401,LIMA,INDEPENDENCIA
140135,14,LIMA,1401,LIMA,EL AGUSTINO
140136,14,LIMA,1401,LIMA,SAN JUAN DE MIRAFLORES
140137,14,LIMA,1401,LIMA,SAN JUAN DE LURIGANCHO
140138,14,LIMA,1401,LIMA,SAN LUIS
140139,14,LIMA,1401,LIMA,CIENEGUILLA
140140,14,LIMA,1401,LIMA,SAN BORJA
140141,14,LIMA,1401,LIMA,VILLA EL SALVADOR
140142,14,LIMA,1401,LIMA,LOS OLIVOS
140143,14,LIMA,1401,LIMA,SANTA ANITA
140144,14,LIMA,1401,LIMA,SANTA MARIA DE HUACHIPA
140201,14,LIMA,1402,CAJATAMBO,CAJATAMBO
140205,14,LIMA,1402,CAJATAMBO,COPA
140206,14,LIMA,1402,CAJATAMBO,GORGOR
140207,14,LIMA,1402,CAJATAMBO,HUANCAPON
140208,14,LIMA,1402,CAJATAMBO,MANAS
140301,14,LIMA,1403,CANTA,CANTA
140302,14,LIMA,1403,CANTA,ARAHUAY
140303,14,LIMA,1403,CANTA,HUAMANTANGA
140304,14,LIMA,1403,CANTA,HUAROS
140305,14,LIMA,1403,CANTA,LACHAQUI
140306,14,LIMA,1403,CANTA,SAN BUENAVENTURA
140307,14,LIMA,1403,CANTA,SANTA ROSA DE QUIVES
140401,14,LIMA,1404,CAÑETE,SAN VICENTE DE CAÑETE
140402,14,LIMA,1404,CAÑETE,CALANGO
140403,14,LIMA,1404,CAÑETE,CERRO AZUL
140404,14,LIMA,1404,CAÑETE,COAYLLO
140405,14,LIMA,1404,CAÑETE,CHILCA
140406,14,LIMA,1404,CAÑETE,IMPERIAL
140407,14,LIMA,1404,CAÑETE,LUNAHUANA
140408,14,LIMA,1404,CAÑETE,MALA
140409,14,LIMA,1404,CAÑETE,NUEVO IMPERIAL
140410,14,LIMA,1404,CAÑETE,PACARAN
140411,14,LIMA,1404,CAÑETE,QUILMANA
140412,14,LIMA,1404,CAÑETE,SAN ANTONIO
140413,14,LIMA,1404,CAÑETE,SAN LUIS
140414,14,LIMA,1404,CAÑETE,SANTA CRUZ DE FLORES
140415,14,LIMA,1404,CAÑETE,ZUÑIGA
140416,14,LIMA,1404,CAÑETE,ASIA
140501,14,LIMA,1405,HUAURA,HUACHO
140502,14,LIMA,1405,HUAURA,AMBAR
140504,14,LIMA,1405,HUAURA,CALETA DE CARQUIN
140505,14,LIMA,1405,HUAURA,CHECRAS
140506,14,LIMA,1405,HUAURA,HUALMAY
140507,14,LIMA,1405,HUAURA,HUAURA
140508,14,LIMA,1405,HUAURA,LEONCIO PRADO
140509,14,LIMA,1405,HUAURA,PACCHO
140511,14,LIMA,1405,HUAURA,SANTA LEONOR
140512,14,LIMA,1405,HUAURA,SANTA MARIA
140513,14,LIMA,1405,HUAURA,SAYAN
140516,14,LIMA,1405,HUAURA,VEGUETA
140601,14,LIMA,1406,HUAROCHIRI,MATUCANA
140602,14,LIMA,1406,HUAROCHIRI,ANTIOQUIA
140603,14,LIMA,1406,HUAROCHIRI,CALLAHUANCA
140604,14,LIMA,1406,HUAROCHIRI,CARAMPOMA
140605,14,LIMA,1406,HUAROCHIRI,CASTA
140606,14,LIMA,1406,HUAROCHIRI,CUENCA
140607,14,LIMA,1406,HUAROCHIRI,CHICLA
140608,14,LIMA,1406,HUAROCHIRI,HUANZA
140609,14,LIMA,1406,HUAROCHIRI,HUAROCHIRI
140610,14,LIMA,1406,HUAROCHIRI,LAHUAYTAMBO
140611,14,LIMA,1406,HUAROCHIRI,LANGA
140612,14,LIMA,1406,HUAROCHIRI,MARIATANA
140613,14,LIMA,1406,HUAROCHIRI,RICARDO PALMA
140614,14,LIMA,1406,HUAROCHIRI,SAN ANDRES DE TUPICOCHA
140615,14,LIMA,1406,HUAROCHIRI,SAN ANTONIO
140616,14,LIMA,1406,HUAROCHIRI,SAN BARTOLOME
140617,14,LIMA,1406,HUAROCHIRI,SAN DAMIAN
140618,14,LIMA,1406,HUAROCHIRI,SANGALLAYA
140619,14,LIMA,1406,HUAROCHIRI,SAN JUAN DE TANTARANCHE
140620,14,LIMA,1406,HUAROCHIRI,SAN LORENZO DE QUINTI
140621,14,LIMA,1406,HUAROCHIRI,SAN MATEO
140622,14,LIMA,1406,HUAROCHIRI,SAN MATEO DE OTAO
140623,14,LIMA,1406,HUAROCHIRI,SAN PEDRO DE HUANCAYRE
140624,14,LIMA,1406,HUAROCHIRI,SANTA CRUZ DE COCACHACRA
140625,14,LIMA,1406,HUAROCHIRI,SANTA EULALIA
140626,14,LIMA,1406,HUAROCHIRI,SANTIAGO DE ANCHUCAYA
140627,14,LIMA,1406,HUAROCHIRI,SANTIAGO DE TUNA
140628,14,LIMA,1406,HUAROCHIRI,SANTO DOMINGO DE LOS OLLEROS
140629,14,LIMA,1406,HUAROCHIRI,SURCO
140630,14,LIMA,1406,HUAROCHIRI,HUACHUPAMPA
140631,14,LIMA,1406,HUAROCHIRI,LARAOS
140632,14,LIMA,1406,HUAROCHIRI,SAN JUAN DE IRIS
140701,14,LIMA,1407,YAUYOS,YAUYOS
140702,14,LIMA,1407,YAUYOS,ALIS
140703,14,LIMA,1407,YAUYOS,ALLAUCA
140704,14,LIMA,1407,YAUYOS,AYAVIRI
140705,14,LIMA,1407,YAUYOS,AZANGARO
140706,14,LIMA,1407,YAUYOS,CACRA
140707,14,LIMA,1407,YAUYOS,CARANIA
140708,14,LIMA,1407,YAUYOS,COCHAS
140709,14,LIMA,1407,YAUYOS,COLONIA
140710,14,LIMA,1407,YAUYOS,CHOCOS
140711,14,LIMA,1407,YAUYOS,HUAMPARA
140712,14,LIMA,1407,YAUYOS,HUANCAYA
140713,14,LIMA,1407,YAUYOS,HUANGASCAR
140714,14,LIMA,1407,YAUYOS,HUANTAN
140715,14,LIMA,1407,YAUYOS,HUAÑEC
140716,14,LIMA,1407,YAUYOS,LARAOS
140717,14,LIMA,1407,YAUYOS,LINCHA
140718,14,LIMA,1407,YAUYOS,MIRAFLORES
140719,14,LIMA,1407,YAUYOS,OMAS
140720,14,LIMA,1407,YAUYOS,QUINCHES
140721,14,LIMA,1407,YAUYOS,QUINOCAY
140722,14,LIMA,1407,YAUYOS,SAN JOAQUIN
140723,14,LIMA,1407,YAUYOS,SAN PEDRO DE PILAS
140724,14,LIMA,1407,YAUYOS,TANTA
140725,14,LIMA,1407,YAUYOS,TAURIPAMPA
140726,14,LIMA,1407,YAUYOS,TUPE
140727,14,LIMA,1407,YAUYOS,TOMAS
140728,14,LIMA,1407,YAUYOS,VIÑAC
140729,14,LIMA,1407,YAUYOS,VITIS
140730,14,LIMA,1407,YAUYOS,HONGOS
140731,14,LIMA,1407,YAUYOS,MADEAN
140732,14,LIMA,1407,YAUYOS,PUTINZA
140733,14,LIMA,1407,YAUYOS,CATAHUASI
140801,14,LIMA,1408,HUARAL,HUARAL
140802,14,LIMA,1408,HUARAL,ATAVILLOS ALTO
140803,14,LIMA,1408,HUARAL,ATAVILLOS BAJO
140804,14,LIMA,1408,HUARAL,AUCALLAMA
140805,14,LIMA,1408,HUARAL,CHANCAY
140806,14,LIMA,1408,HUARAL,IHUARI
140807,14,LIMA,1408,HUARAL,LAMPIAN
140808,14,LIMA,1408,HUARAL,PACARAOS
140809,14,LIMA,1408,HUARAL,SAN MIGUEL DE ACOS
140810,14,LIMA,1408,HUARAL,VEINTISIETE DE NOVIEMBRE
140811,14,LIMA,1408,HUARAL,SANTA CRUZ DE ANDAMARCA
140812,14,LIMA,1408,HUARAL,SUMBILCA
140901,14,LIMA,1409,BARRANCA,BARRANCA
140902,14,LIMA,1409,BARRANCA,PARAMONGA
140903,14,LIMA,1409,BARRANCA,PATIVILCA
140904,14,LIMA,1409,BARRANCA,SUPE
140905,14,LIMA,1409,BARRANCA,SUPE PUERTO
141001,14,LIMA,1410,OYON,OYON
141002,14,LIMA,1410,OYON,NAVAN
141003,14,LIMA,1410,OYON,CAUJUL
141004,14,LIMA,1410,OYON,ANDAJES
141005,14,LIMA,1410,OYON,PACHANGARA
141006,14,LIMA,1410,OYON,COCHAMARCA
150101,15,LORETO,1501,MAYNAS,IQUITOS
150102,15,LORETO,1501,MAYNAS,ALTO NANAY
150103,15,LORETO,1501,MAYNAS,FERNANDO LORES
150104,15,LORETO,1501,MAYNAS,LAS AMAZONAS
150105,15,LORETO,1501,MAYNAS,MAZAN
150106,15,LORETO,1501,MAYNAS,NAPO
150108,15,LORETO,1501,MAYNAS,TORRES CAUSANA
150110,15,LORETO,1501,MAYNAS,INDIANA
150111,15,LORETO,1501,MAYNAS,PUNCHANA
150112,15,LORETO,1501,MAYNAS,BELEN
150113,15,LORETO,1501,MAYNAS,SAN JUAN BAUTISTA
150201,15,LORETO,1502,ALTO AMAZONAS,YURIMAGUAS
150202,15,LORETO,1502,ALTO AMAZONAS,BALSAPUERTO
150205,15,LORETO,1502,ALTO AMAZONAS,JEBEROS
150206,15,LORETO,1502,ALTO AMAZONAS,LAGUNAS
150210,15,LORETO,1502,ALTO AMAZONAS,SANTA CRUZ
150211,15,LORETO,1502,ALTO AMAZONAS,TENIENTE CESAR LOPEZ ROJAS
150301,15,LORETO,1503,LORETO,NAUTA
150302,15,LORETO,1503,LORETO,PARINARI
150303,15,LORETO,1503,LORETO,TIGRE
150304,15,LORETO,1503,LORETO,URARINAS
150305,15,LORETO,1503,LORETO,TROMPETEROS
150401,15,LORETO,1504,REQUENA,REQUENA
150402,15,LORETO,1504,REQUENA,ALTO TAPICHE
150403,15,LORETO,1504,REQUENA,CAPELO
150404,15,LORETO,1504,REQUENA,EMILIO SAN MARTIN
150405,15,LORETO,1504,REQUENA,MAQUIA
150406,15,LORETO,1504,REQUENA,PUINAHUA
150407,15,LORETO,1504,REQUENA,SAQUENA
150408,15,LORETO,1504,REQUENA,SOPLIN
150409,15,LORETO,1504,REQUENA,TAPICHE
150410,15,LORETO,1504,REQUENA,JENARO HERRERA
150411,15,LORETO,1504,REQUENA,YAQUERANA
150501,15,LORETO,1505,UCAYALI,CONTAMANA
150502,15,LORETO,1505,UCAYALI,VARGAS GUERRA
150503,15,LORETO,1505,UCAYALI,PADRE MARQUEZ
150504,15,LORETO,1505,UCAYALI,PAMPA HERMOSA
150505,15,LORETO,1505,UCAYALI,SARAYACU
150506,15,LORETO,1505,UCAYALI,INAHUAYA
150601,15,LORETO,1506,MARISCAL RAMON CASTILLA,RAMON CASTILLA
150602,15,LORETO,1506,MARISCAL RAMON CASTILLA,PEBAS
150603,15,LORETO,1506,MARISCAL RAMON CASTILLA,YAVARI
150604,15,LORETO,1506,MARISCAL RAMON CASTILLA,SAN PABLO
150701,15,LORETO,1507,DATEM DEL MARAÑON,BARRANCA
150702,15,LORETO,1507,DATEM DEL MARAÑON,ANDOAS
150703,15,LORETO,1507,DATEM DEL MARAÑON,CAHUAPANAS
150704,15,LORETO,1507,DATEM DEL MARAÑON,MANSERICHE
150705,15,LORETO,1507,DATEM DEL MARAÑON,MORONA
150706,15,LORETO,1507,DATEM DEL MARAÑON,PASTAZA
150801,15,LORETO,1508,PUTUMAYO,PUTUMAYO
150802,15,LORETO,1508,PUTUMAYO,ROSA PANDURO
150803,15,LORETO,1508,PUTUMAYO,TENIENTE MANUEL CLAVERO
150804,15,LORETO,1508,PUTUMAYO,YAGUAS
160101,16,MADRE DE DIOS,1601,TAMBOPATA,TAMBOPATA
160102,16,MADRE DE DIOS,1601,TAMBOPATA,INAMBARI
160103,16,MADRE DE DIOS,1601,TAMBOPATA,LAS PIEDRAS
160104,16,MADRE DE DIOS,1601,TAMBOPATA,LABERINTO
160201,16,MADRE DE DIOS,1602,MANU,MANU
160202,16,MADRE DE DIOS,1602,MANU,FITZCARRALD
160203,16,MADRE DE DIOS,1602,MANU,MADRE DE DIOS
160204,16,MADRE DE DIOS,1602,MANU,HUEPETUHE
160301,16,MADRE DE DIOS,1603,TAHUAMANU,IÑAPARI
160302,16,MADRE DE DIOS,1603,TAHUAMANU,IBERIA
160303,16,MADRE DE DIOS,1603,TAHUAMANU,TAHUAMANU
170101,17,MOQUEGUA,1701,MARISCAL NIETO,MOQUEGUA
170102,17,MOQUEGUA,1701,MARISCAL NIETO,CARUMAS
170103,17,MOQUEGUA,1701,MARISCAL NIETO,CUCHUMBAYA
170104,17,MOQUEGUA,1701,MARISCAL NIETO,SAN CRISTOBAL
170105,17,MOQUEGUA,1701,MARISCAL NIETO,TORATA
170106,17,MOQUEGUA,1701,MARISCAL NIETO,SAMEGUA
170107,17,MOQUEGUA,1701,MARISCAL NIETO,SAN ANTONIO
170201,17,MOQUEGUA,1702,GENERAL SANCHEZ CERRO,OMATE
170202,17,MOQUEGUA,1702,GENERAL SANCHEZ CERRO,COALAQUE
170203,17,MOQUEGUA,1702,GENERAL SANCHEZ CERRO,CHOJATA
170204,17,MOQUEGUA,1702,GENERAL SANCHEZ CERRO,ICHUÑA
170205,17,MOQUEGUA,1702,GENERAL SANCHEZ CERRO,LA CAPILLA
170206,17,MOQUEGUA,1702,GENERAL SANCHEZ CERRO,LLOQUE
170207,17,MOQUEGUA,1702,GENERAL SANCHEZ CERRO,MATALAQUE
170208,17,MOQUEGUA,1702,GENERAL SANCHEZ CERRO,PUQUINA
170209,17,MOQUEGUA,1702,GENERAL SANCHEZ CERRO,QUINISTAQUILLAS
170210,17,MOQUEGUA,1702,GENERAL SANCHEZ CERRO,UBINAS
170211,17,MOQUEGUA,1702,GENERAL SANCHEZ CERRO,YUNGA
170301,17,MOQUEGUA,1703,ILO,ILO
170302,17,MOQUEGUA,1703,ILO,EL ALGARROBAL
170303,17,MOQUEGUA,1703,ILO,PACOCHA
180101,18,PASCO,1801,PASCO,CHAUPIMARCA
180103,18,PASCO,1801,PASCO,HUACHON
180104,18,PASCO,1801,PASCO,HUARIACA
180105,18,PASCO,1801,PASCO,HUAYLLAY
180106,18,PASCO,1801,PASCO,NINACACA
180107,18,PASCO,1801,PASCO,PALLANCHACRA
180108,18,PASCO,1801,PASCO,PAUCARTAMBO
180109,18,PASCO,1801,PASCO,SAN FCO DE ASIS DE YARUSYACAN
180110,18,PASCO,1801,PASCO,SIMON BOLIVAR
180111,18,PASCO,1801,PASCO,TICLACAYAN
180112,18,PASCO,1801,PASCO,TINYAHUARCO
180113,18,PASCO,1801,PASCO,VICCO
180114,18,PASCO,1801,PASCO,YANACANCHA
180201,18,PASCO,1802,DANIEL ALCIDES CARRION,YANAHUANCA
180202,18,PASCO,1802,DANIEL ALCIDES CARRION,CHACAYAN
180203,18,PASCO,1802,DANIEL ALCIDES CARRION,GOYLLARISQUIZGA
180204,18,PASCO,1802,DANIEL ALCIDES CARRION,PAUCAR
180205,18,PASCO,1802,DANIEL ALCIDES CARRION,SAN PEDRO DE PILLAO
180206,18,PASCO,1802,DANIEL ALCIDES CARRION,SANTA ANA DE TUSI
180207,18,PASCO,1802,DANIEL ALCIDES CARRION,TAPUC
180208,18,PASCO,1802,DANIEL ALCIDES CARRION,VILCABAMBA
180301,18,PASCO,1803,OXAPAMPA,OXAPAMPA
180302,18,PASCO,1803,OXAPAMPA,CHONTABAMBA
180303,18,PASCO,1803,OXAPAMPA,HUANCABAMBA
180304,18,PASCO,1803,OXAPAMPA,PUERTO BERMUDEZ
180305,18,PASCO,1803,OXAPAMPA,VILLA RICA
180306,18,PASCO,1803,OXAPAMPA,POZUZO
180307,18,PASCO,1803,OXAPAMPA,PALCAZU
180308,18,PASCO,1803,OXAPAMPA,CONSTITUCION
190101,19,PIURA,1901,PIURA,PIURA
190103,19,PIURA,1901,PIURA,CASTILLA
190104,19,PIURA,1901,PIURA,CATACAOS
190105,19,PIURA,1901,PIURA,LA ARENA
190106,19,PIURA,1901,PIURA,LA UNION
190107,19,PIURA,1901,PIURA,LAS LOMAS
190109,19,PIURA,1901,PIURA,TAMBO GRANDE
190113,19,PIURA,1901,PIURA,CURA MORI
190114,19,PIURA,1901,PIURA,EL TALLAN
190115,19,PIURA,1901,PIURA,VEINTISEIS DE OCTUBRE
190201,19,PIURA,1902,AYABACA,AYABACA
190202,19,PIURA,1902,AYABACA,FRIAS
190203,19,PIURA,1902,AYABACA,LAGUNAS
190204,19,PIURA,1902,AYABACA,MONTERO
190205,19,PIURA,1902,AYABACA,PACAIPAMPA
190206,19,PIURA,1902,AYABACA,SAPILLICA
190207,19,PIURA,1902,AYABACA,SICCHEZ
190208,19,PIURA,1902,AYABACA,SUYO
190209,19,PIURA,1902,AYABACA,JILILI
190210,19,PIURA,1902,AYABACA,PAIMAS
190301,19,PIURA,1903,HUANCABAMBA,HUANCABAMBA
190302,19,PIURA,1903,HUANCABAMBA,CANCHAQUE
190303,19,PIURA,1903,HUANCABAMBA,HUARMACA
190304,19,PIURA,1903,HUANCABAMBA,SONDOR
190305,19,PIURA,1903,HUANCABAMBA,SONDORILLO
190306,19,PIURA,1903,HUANCABAMBA,EL CARMEN DE LA FRONTERA
190307,19,PIURA,1903,HUANCABAMBA,SAN MIGUEL DE EL FAIQUE
190308,19,PIURA,1903,HUANCABAMBA,LALAQUIZ
190401,19,PIURA,1904,MORROPON,CHULUCANAS
190402,19,PIURA,1904,MORROPON,BUENOS AIRES
190403,19,PIURA,1904,MORROPON,CHALACO
190404,19,PIURA,1904,MORROPON,MORROPON
190405,19,PIURA,1904,MORROPON,SALITRAL
190406,19,PIURA,1904,MORROPON,SANTA CATALINA DE MOSSA
190407,19,PIURA,1904,MORROPON,SANTO DOMINGO
190408,19,PIURA,1904,MORROPON,LA MATANZA
190409,19,PIURA,1904,MORROPON,YAMANGO
190410,19,PIURA,1904,MORROPON,SAN JUAN DE BIGOTE
190501,19,PIURA,1905,PAITA,PAITA
190502,19,PIURA,1905,PAITA,AMOTAPE
190503,19,PIURA,1905,PAITA,ARENAL
190504,19,PIURA,1905,PAITA,LA HUACA
190505,19,PIURA,1905,PAITA,COLAN
190506,19,PIURA,1905,PAITA,TAMARINDO
190507,19,PIURA,1905,PAITA,VICHAYAL
190601,19,PIURA,1906,SULLANA,SULLANA
190602,19,PIURA,1906,SULLANA,BELLAVISTA
190603,19,PIURA,1906,SULLANA,LANCONES
190604,19,PIURA,1906,SULLANA,MARCAVELICA
190605,19,PIURA,1906,SULLANA,MIGUEL CHECA
190606,19,PIURA,1906,SULLANA,QUERECOTILLO
190607,19,PIURA,1906,SULLANA,SALITRAL
190608,19,PIURA,1906,SULLANA,IGNACIO ESCUDERO
190701,19,PIURA,1907,TALARA,PARIÑAS
190702,19,PIURA,1907,TALARA,EL ALTO
190703,19,PIURA,1907,TALARA,LA BREA
190704,19,PIURA,1907,TALARA,LOBITOS
190705,19,PIURA,1907,TALARA,MANCORA
190706,19,PIURA,1907,TALARA,LOS ORGANOS
190801,19,PIURA,1908,SECHURA,SECHURA
190802,19,PIURA,1908,SECHURA,VICE
190803,19,PIURA,1908,SECHURA,BERNAL
190804,19,PIURA,1908,SECHURA,BELLAVISTA DE LA UNION
190805,19,PIURA,1908,SECHURA,CRISTO NOS VALGA
190806,19,PIURA,1908,SECHURA,RINCONADA-LLICUAR
200101,20,PUNO,2001,PUNO,PUNO
200102,20,PUNO,2001,PUNO,ACORA
200103,20,PUNO,2001,PUNO,ATUNCOLLA
200104,20,PUNO,2001,PUNO,CAPACHICA
200105,20,PUNO,2001,PUNO,COATA
200106,20,PUNO,2001,PUNO,CHUCUITO
200107,20,PUNO,2001,PUNO,HUATA
200108,20,PUNO,2001,PUNO,MAÑAZO
200109,20,PUNO,2001,PUNO,PAUCARCOLLA
200110,20,PUNO,2001,PUNO,PICHACANI
200111,20,PUNO,2001,PUNO,SAN ANTONIO
200112,20,PUNO,2001,PUNO,TIQUILLACA
200113,20,PUNO,2001,PUNO,VILQUE
200114,20,PUNO,2001,PUNO,PLATERIA
200115,20,PUNO,2001,PUNO,AMANTANI
200201,20,PUNO,2002,AZANGARO,AZANGARO
200202,20,PUNO,2002,AZANGARO,ACHAYA
200203,20,PUNO,2002,AZANGARO,ARAPA
200204,20,PUNO,2002,AZANGARO,ASILLO
200205,20,PUNO,2002,AZANGARO,CAMINACA
200206,20,PUNO,2002,AZANGARO,CHUPA
200207,20,PUNO,2002,AZANGARO,JOSE DOMINGO CHOQUEHUANCA
200208,20,PUNO,2002,AZANGARO,MUÑANI
200210,20,PUNO,2002,AZANGARO,POTONI
200212,20,PUNO,2002,AZANGARO,SAMAN
200213,20,PUNO,2002,AZANGARO,SAN ANTON
200214,20,PUNO,2002,AZANGARO,SAN JOSE
200215,20,PUNO,2002,AZANGARO,SAN JUAN DE SALINAS
200216,20,PUNO,2002,AZANGARO,SANTIAGO DE PUPUJA
200217,20,PUNO,2002,AZANGARO,TIRAPATA
200301,20,PUNO,2003,CARABAYA,MACUSANI
200302,20,PUNO,2003,CARABAYA,AJOYANI
200303,20,PUNO,2003,CARABAYA,AYAPATA
200304,20,PUNO,2003,CARABAYA,COASA
200305,20,PUNO,2003,CARABAYA,CORANI
200306,20,PUNO,2003,CARABAYA,CRUCERO
200307,20,PUNO,2003,CARABAYA,ITUATA
200308,20,PUNO,2003,CARABAYA,OLLACHEA
200309,20,PUNO,2003,CARABAYA,SAN GABAN
200310,20,PUNO,2003,CARABAYA,USICAYOS
200401,20,PUNO,2004,CHUCUITO,JULI
200402,20,PUNO,2004,CHUCUITO,DESAGUADERO
200403,20,PUNO,2004,CHUCUITO,HUACULLANI
200406,20,PUNO,2004,CHUCUITO,PISACOMA
200407,20,PUNO,2004,CHUCUITO,POMATA
200410,20,PUNO,2004,CHUCUITO,ZEPITA
200412,20,PUNO,2004,CHUCUITO,KELLUYO
200501,20,PUNO,2005,HUANCANE,HUANCANE
200502,20,PUNO,2005,HUANCANE,COJATA
200504,20,PUNO,2005,HUANCANE,INCHUPALLA
200506,20,PUNO,2005,HUANCANE,PUSI
200507,20,PUNO,2005,HUANCANE,ROSASPATA
200508,20,PUNO,2005,HUANCANE,TARACO
200509,20,PUNO,2005,HUANCANE,VILQUE CHICO
200511,20,PUNO,2005,HUANCANE,HUATASANI
200601,20,PUNO,2006,LAMPA,LAMPA
200602,20,PUNO,2006,LAMPA,CABANILLA
200603,20,PUNO,2006,LAMPA,CALAPUJA
200604,20,PUNO,2006,LAMPA,NICASIO
200605,20,PUNO,2006,LAMPA,OCUVIRI
200606,20,PUNO,2006,LAMPA,PALCA
200607,20,PUNO,2006,LAMPA,PARATIA
200608,20,PUNO,2006,LAMPA,PUCARA
200609,20,PUNO,2006,LAMPA,SANTA LUCIA
200610,20,PUNO,2006,LAMPA,VILAVILA
200701,20,PUNO,2007,MELGAR,AYAVIRI
200702,20,PUNO,2007,MELGAR,ANTAUTA
200703,20,PUNO,2007,MELGAR,CUPI
200704,20,PUNO,2007,MELGAR,LLALLI
200705,20,PUNO,2007,MELGAR,MACARI
200706,20,PUNO,2007,MELGAR,NUÑOA
200707,20,PUNO,2007,MELGAR,ORURILLO
200708,20,PUNO,2007,MELGAR,SANTA ROSA
200709,20,PUNO,2007,MELGAR,UMACHIRI
200801,20,PUNO,2008,SANDIA,SANDIA
200803,20,PUNO,2008,SANDIA,CUYOCUYO
200804,20,PUNO,2008,SANDIA,LIMBANI
200805,20,PUNO,2008,SANDIA,PHARA
200806,20,PUNO,2008,SANDIA,PATAMBUCO
200807,20,PUNO,2008,SANDIA,QUIACA
200808,20,PUNO,2008,SANDIA,SAN JUAN DEL ORO
200810,20,PUNO,2008,SANDIA,YANAHUAYA
200811,20,PUNO,2008,SANDIA,ALTO INAMBARI
200812,20,PUNO,2008,SANDIA,SAN PEDRO DE PUTINA PUNCO
200901,20,PUNO,2009,SAN ROMAN,JULIACA
200902,20,PUNO,2009,SAN ROMAN,CABANA
200903,20,PUNO,2009,SAN ROMAN,CABANILLAS
200904,20,PUNO,2009,SAN ROMAN,CARACOTO
200905,20,PUNO,2009,SAN ROMAN,SAN MIGUEL
201001,20,PUNO,2010,YUNGUYO,YUNGUYO
201002,20,PUNO,2010,YUNGUYO,UNICACHI
201003,20,PUNO,2010,YUNGUYO,ANAPIA
201004,20,PUNO,2010,YUNGUYO,COPANI
201005,20,PUNO,2010,YUNGUYO,CUTURAPI
201006,20,PUNO,2010,YUNGUYO,OLLARAYA
201007,20,PUNO,2010,YUNGUYO,TINICACHI
201101,20,PUNO,2011,SAN ANTONIO DE PUTINA,PUTINA
201102,20,PUNO,2011,SAN ANTONIO DE PUTINA,PEDRO VILCA APAZA
201103,20,PUNO,2011,SAN ANTONIO DE PUTINA,QUILCAPUNCU
201104,20,PUNO,2011,SAN ANTONIO DE PUTINA,ANANEA
201105,20,PUNO,2011,SAN ANTONIO DE PUTINA,SINA
201201,20,PUNO,2012,EL COLLAO,ILAVE
201202,20,PUNO,2012,EL COLLAO,PILCUYO
201203,20,PUNO,2012,EL COLLAO,SANTA ROSA
201204,20,PUNO,2012,EL COLLAO,CAPASO
201205,20,PUNO,2012,EL COLLAO,CONDURIRI
201301,20,PUNO,2013,MOHO,MOHO
201302,20,PUNO,2013,MOHO,CONIMA
201303,20,PUNO,2013,MOHO,TILALI
201304,20,PUNO,2013,MOHO,HUAYRAPATA
210101,21,SAN MARTIN,2101,MOYOBAMBA,MOYOBAMBA
210102,21,SAN MARTIN,2101,MOYOBAMBA,CALZADA
210103,21,SAN MARTIN,2101,MOYOBAMBA,HABANA
210104,21,SAN MARTIN,2101,MOYOBAMBA,JEPELACIO
210105,21,SAN MARTIN,2101,MOYOBAMBA,SORITOR
210106,21,SAN MARTIN,2101,MOYOBAMBA,YANTALO
210201,21,SAN MARTIN,2102,HUALLAGA,SAPOSOA
210202,21,SAN MARTIN,2102,HUALLAGA,PISCOYACU
210203,21,SAN MARTIN,2102,HUALLAGA,SACANCHE
210204,21,SAN MARTIN,2102,HUALLAGA,TINGO DE SAPOSOA
210205,21,SAN MARTIN,2102,HUALLAGA,ALTO SAPOSOA
210206,21,SAN MARTIN,2102,HUALLAGA,EL ESLABON
210301,21,SAN MARTIN,2103,LAMAS,LAMAS
210303,21,SAN MARTIN,2103,LAMAS,BARRANQUITA
210304,21,SAN MARTIN,2103,LAMAS,CAYNARACHI
210305,21,SAN MARTIN,2103,LAMAS,CUÑUMBUQUI
210306,21,SAN MARTIN,2103,LAMAS,PINTO RECODO
210307,21,SAN MARTIN,2103,LAMAS,RUMISAPA
210311,21,SAN MARTIN,2103,LAMAS,SHANAO
210313,21,SAN MARTIN,2103,LAMAS,TABALOSOS
210314,21,SAN MARTIN,2103,LAMAS,ZAPATERO
210315,21,SAN MARTIN,2103,LAMAS,ALONSO DE ALVARADO
210316,21,SAN MARTIN,2103,LAMAS,SAN ROQUE DE CUMBAZA
210401,21,SAN MARTIN,2104,MARISCAL CACERES,JUANJUI
210402,21,SAN MARTIN,2104,MARISCAL CACERES,CAMPANILLA
210403,21,SAN MARTIN,2104,MARISCAL CACERES,HUICUNGO
210404,21,SAN MARTIN,2104,MARISCAL CACERES,PACHIZA
210405,21,SAN MARTIN,2104,MARISCAL CACERES,PAJARILLO
210501,21,SAN MARTIN,2105,RIOJA,RIOJA
210502,21,SAN MARTIN,2105,RIOJA,POSIC
210503,21,SAN MARTIN,2105,RIOJA,YORONGOS
210504,21,SAN MARTIN,2105,RIOJA,YURACYACU
210505,21,SAN MARTIN,2105,RIOJA,NUEVA CAJAMARCA
210506,21,SAN MARTIN,2105,RIOJA,ELIAS SOPLIN VARGAS
210507,21,SAN MARTIN,2105,RIOJA,SAN FERNANDO
210508,21,SAN MARTIN,2105,RIOJA,PARDO MIGUEL
210509,21,SAN MARTIN,2105,RIOJA,AWAJUN
210601,21,SAN MARTIN,2106,SAN MARTIN,TARAPOTO
210602,21,SAN MARTIN,2106,SAN MARTIN,ALBERTO LEVEAU
210604,21,SAN MARTIN,2106,SAN MARTIN,CACATACHI
210606,21,SAN MARTIN,2106,SAN MARTIN,CHAZUTA
210607,21,SAN MARTIN,2106,SAN MARTIN,CHIPURANA
210608,21,SAN MARTIN,2106,SAN MARTIN,EL PORVENIR
210609,21,SAN MARTIN,2106,SAN MARTIN,HUIMBAYOC
210610,21,SAN MARTIN,2106,SAN MARTIN,JUAN GUERRA
210611,21,SAN MARTIN,2106,SAN MARTIN,MORALES
210612,21,SAN MARTIN,2106,SAN MARTIN,PAPAPLAYA
210616,21,SAN MARTIN,2106,SAN MARTIN,SAN ANTONIO
210619,21,SAN MARTIN,2106,SAN MARTIN,SAUCE
210620,21,SAN MARTIN,2106,SAN MARTIN,SHAPAJA
210621,21,SAN MARTIN,2106,SAN MARTIN,LA BANDA DE SHILCAYO
210701,21,SAN MARTIN,2107,BELLAVISTA,BELLAVISTA
210702,21,SAN MARTIN,2107,BELLAVISTA,SAN RAFAEL
210703,21,SAN MARTIN,2107,BELLAVISTA,SAN PABLO
210704,21,SAN MARTIN,2107,BELLAVISTA,ALTO BIAVO
210705,21,SAN MARTIN,2107,BELLAVISTA,HUALLAGA
210706,21,SAN MARTIN,2107,BELLAVISTA,BAJO BIAVO
210801,21,SAN MARTIN,2108,TOCACHE,TOCACHE
210802,21,SAN MARTIN,2108,TOCACHE,NUEVO PROGRESO
210803,21,SAN MARTIN,2108,TOCACHE,POLVORA
210804,21,SAN MARTIN,2108,TOCACHE,SHUNTE
210805,21,SAN MARTIN,2108,TOCACHE,UCHIZA
210901,21,SAN MARTIN,2109,PICOTA,PICOTA
210902,21,SAN MARTIN,2109,PICOTA,BUENOS AIRES
210903,21,SAN MARTIN,2109,PICOTA,CASPIZAPA
210904,21,SAN MARTIN,2109,PICOTA,PILLUANA
210905,21,SAN MARTIN,2109,PICOTA,PUCACACA
210906,21,SAN MARTIN,2109,PICOTA,SAN CRISTOBAL
210907,21,SAN MARTIN,2109,PICOTA,SAN HILARION
210908,21,SAN MARTIN,2109,PICOTA,TINGO DE PONASA
210909,21,SAN MARTIN,2109,PICOTA,TRES UNIDOS
210910,21,SAN MARTIN,2109,PICOTA,SHAMBOYACU
211001,21,SAN MARTIN,2110,EL DORADO,SAN JOSE DE SISA
211002,21,SAN MARTIN,2110,EL DORADO,AGUA BLANCA
211003,21,SAN MARTIN,2110,EL DORADO,SHATOJA
211004,21,SAN MARTIN,2110,EL DORADO,SAN MARTIN
211005,21,SAN MARTIN,2110,EL DORADO,SANTA ROSA
211006,21,SAN MARTIN,2110,EL DORADO,SANTA LUCIA
220101,22,TACNA,2201,TACNA,TACNA
220102,22,TACNA,2201,TACNA,CALANA
220104,22,TACNA,2201,TACNA,INCLAN
220107,22,TACNA,2201,TACNA,PACHIA
220108,22,TACNA,2201,TACNA,PALCA
220109,22,TACNA,2201,TACNA,POCOLLAY
220110,22,TACNA,2201,TACNA,SAMA
220111,22,TACNA,2201,TACNA,LA YARADA LOS PALOS
220112,22,TACNA,2201,TACNA,CIUDAD NUEVA
220113,22,TACNA,2201,TACNA,CORONEL GREGORIO ALBARRACIN L.
220201,22,TACNA,2202,TARATA,TARATA
220205,22,TACNA,2202,TARATA,HEROES ALBARRACIN
220206,22,TACNA,2202,TARATA,ESTIQUE
220207,22,TACNA,2202,TARATA,ESTIQUE PAMPA
220210,22,TACNA,2202,TARATA,SITAJARA
220211,22,TACNA,2202,TARATA,SUSAPAYA
220212,22,TACNA,2202,TARATA,TARUCACHI
220213,22,TACNA,2202,TARATA,TICACO
220301,22,TACNA,2203,JORGE BASADRE,LOCUMBA
220302,22,TACNA,2203,JORGE BASADRE,ITE
220303,22,TACNA,2203,JORGE BASADRE,ILABAYA
220401,22,TACNA,2204,CANDARAVE,CANDARAVE
220402,22,TACNA,2204,CANDARAVE,CAIRANI
220403,22,TACNA,2204,CANDARAVE,CURIBAYA
220404,22,TACNA,2204,CANDARAVE,HUANUARA
220405,22,TACNA,2204,CANDARAVE,QUILAHUANI
220406,22,TACNA,2204,CANDARAVE,CAMILACA
230101,23,TUMBES,2301,TUMBES,TUMBES
230102,23,TUMBES,2301,TUMBES,CORRALES
230103,23,TUMBES,2301,TUMBES,LA CRUZ
230104,23,TUMBES,2301,TUMBES,PAMPAS DE HOSPITAL
230105,23,TUMBES,2301,TUMBES,SAN JACINTO
230106,23,TUMBES,2301,TUMBES,SAN JUAN DE LA VIRGEN
230201,23,TUMBES,2302,CONTRALMIRANTE VILLAR,ZORRITOS
230202,23,TUMBES,2302,CONTRALMIRANTE VILLAR,CASITAS
230203,23,TUMBES,2302,CONTRALMIRANTE VILLAR,CANOAS DE PUNTA SAL
230301,23,TUMBES,2303,ZARUMILLA,ZARUMILLA
230302,23,TUMBES,2303,ZARUMILLA,MATAPALO
230303,23,TUMBES,2303,ZARUMILLA,PAPAYAL
230304,23,TUMBES,2303,ZARUMILLA,AGUAS VERDES
240101,24,CALLAO,2401,CALLAO,CALLAO
240102,24,CALLAO,2401,CALLAO,BELLAVISTA
240103,24,CALLAO,2401,CALLAO,LA PUNTA
240104,24,CALLAO,2401,CALLAO,CARMEN DE LA LEGUA-REYNOSO
240105,24,CALLAO,2401,CALLAO,LA PERLA
240106,24,CALLAO,2401,CALLAO,VENTANILLA
240107,24,CALLAO,2401,CALLAO,MI PERU
250101,25,UCAYALI,2501,CORONEL PORTILLO,CALLERIA
250102,25,UCAYALI,2501,CORONEL PORTILLO,YARINACOCHA
250103,25,UCAYALI,2501,CORONEL PORTILLO,MASISEA
250104,25,UCAYALI,2501,CORONEL PORTILLO,CAMPOVERDE
250105,25,UCAYALI,2501,CORONEL PORTILLO,IPARIA
250106,25,UCAYALI,2501,CORONEL PORTILLO,NUEVA REQUENA
250107,25,UCAYALI,2501,CORONEL PORTILLO,MANANTAY
250201,25,UCAYALI,2502,PADRE ABAD,PADRE ABAD
250202,25,UCAYALI,2502,PADRE ABAD,IRAZOLA
250203,25,UCAYALI,2502,PADRE ABAD,CURIMANA
250204,25,UCAYALI,2502,PADRE ABAD,NESHUYA
250205,25,UCAYALI,2502,PADRE ABAD,ALEXANDER VON HUMBOLDT
250206,25,UCAYALI,2502,PADRE ABAD,HUIPOCA
250207,25,UCAYALI,2502,PADRE ABAD,BOQUERON
250301,25,UCAYALI,2503,ATALAYA,RAIMONDI
250302,25,UCAYALI,2503,ATALAYA,TAHUANIA
250303,25,UCAYALI,2503,ATALAYA,YURUA
250304,25,UCAYALI,2503,ATALAYA,SEPAHUA
250401,25,UCAYALI,2504,PURUS,PURUS
